Electrical,SalePrice
SBrkr,755000.0
SBrkr,745000.0
SBrkr,625000.0
SBrkr,611657.0
SBrkr,582933.0
SBrkr,556581.0
SBrkr,555000.0
SBrkr,538000.0
SBrkr,501837.0
SBrkr,485000.0
SBrkr,475000.0
SBrkr,466500.0
SBrkr,465000.0
SBrkr,451950.0
SBrkr,446261.0
SBrkr,440000.0
SBrkr,438780.0
SBrkr,437154.0
SBrkr,430000.0
SBrkr,426000.0
SBrkr,424870.0
SBrkr,423000.0
SBrkr,415298.0
SBrkr,412500.0
SBrkr,410000.0
SBrkr,403000.0
SBrkr,402861.0
SBrkr,402000.0
SBrkr,395192.0
SBrkr,395000.0
SBrkr,394617.0
SBrkr,394432.0
SBrkr,392500.0
SBrkr,392000.0
SBrkr,386250.0
SBrkr,385000.0
SBrkr,385000.0
SBrkr,383970.0
SBrkr,381000.0
SBrkr,380000.0
SBrkr,378500.0
SBrkr,377500.0
SBrkr,377426.0
SBrkr,375000.0
SBrkr,374000.0
SBrkr,372500.0
SBrkr,372402.0
SBrkr,370878.0
SBrkr,369900.0
SBrkr,367294.0
SBrkr,361919.0
SBrkr,360000.0
SBrkr,359100.0
SBrkr,354000.0
SBrkr,350000.0
SBrkr,350000.0
SBrkr,348000.0
SBrkr,345000.0
SBrkr,345000.0
SBrkr,342643.0
SBrkr,341000.0
SBrkr,340000.0
SBrkr,340000.0
SBrkr,339750.0
SBrkr,337500.0
SBrkr,337000.0
SBrkr,336000.0
SBrkr,335000.0
SBrkr,335000.0
SBrkr,335000.0
SBrkr,333168.0
SBrkr,328900.0
SBrkr,328000.0
SBrkr,326000.0
SBrkr,325624.0
SBrkr,325300.0
SBrkr,325000.0
SBrkr,325000.0
SBrkr,325000.0
SBrkr,325000.0
SBrkr,324000.0
SBrkr,320000.0
SBrkr,320000.0
SBrkr,320000.0
SBrkr,320000.0
SBrkr,319900.0
SBrkr,319000.0
SBrkr,318061.0
SBrkr,318000.0
SBrkr,318000.0
SBrkr,317000.0
SBrkr,316600.0
SBrkr,315750.0
SBrkr,315500.0
SBrkr,315000.0
SBrkr,315000.0
SBrkr,315000.0
SBrkr,315000.0
SBrkr,314813.0
SBrkr,313000.0
SBrkr,312500.0
SBrkr,311872.0
SBrkr,311500.0
SBrkr,310000.0
SBrkr,310000.0
SBrkr,309000.0
SBrkr,307000.0
SBrkr,306000.0
SBrkr,305900.0
SBrkr,305000.0
SBrkr,303477.0
SBrkr,302000.0
SBrkr,302000.0
SBrkr,301500.0
SBrkr,301000.0
SBrkr,299800.0
SBrkr,297000.0
SBrkr,295493.0
SBrkr,295000.0
SBrkr,294000.0
SBrkr,293077.0
SBrkr,290000.0
SBrkr,290000.0
SBrkr,290000.0
SBrkr,290000.0
SBrkr,290000.0
SBrkr,289000.0
SBrkr,287090.0
SBrkr,287000.0
SBrkr,287000.0
SBrkr,286000.0
SBrkr,285000.0
SBrkr,285000.0
SBrkr,285000.0
SBrkr,284000.0
SBrkr,284000.0
SBrkr,283463.0
SBrkr,282922.0
SBrkr,281213.0
SBrkr,281000.0
SBrkr,280000.0
SBrkr,280000.0
SBrkr,280000.0
SBrkr,280000.0
SBrkr,279500.0
SBrkr,278000.0
SBrkr,278000.0
SBrkr,277500.0
SBrkr,277000.0
SBrkr,277000.0
SBrkr,276000.0
SBrkr,275500.0
SBrkr,275000.0
SBrkr,275000.0
SBrkr,275000.0
SBrkr,275000.0
SBrkr,275000.0
SBrkr,274970.0
SBrkr,274900.0
SBrkr,274725.0
SBrkr,274300.0
SBrkr,274000.0
SBrkr,272000.0
SBrkr,272000.0
SBrkr,271900.0
SBrkr,271000.0
SBrkr,271000.0
SBrkr,270000.0
SBrkr,270000.0
SBrkr,270000.0
SBrkr,269790.0
SBrkr,269500.0
SBrkr,268000.0
SBrkr,268000.0
SBrkr,267000.0
SBrkr,266500.0
SBrkr,266000.0
SBrkr,266000.0
SBrkr,265979.0
SBrkr,265900.0
SBrkr,265000.0
SBrkr,264561.0
SBrkr,264132.0
SBrkr,263435.0
SBrkr,263000.0
SBrkr,262500.0
SBrkr,262500.0
SBrkr,262280.0
SBrkr,262000.0
SBrkr,261500.0
SBrkr,260400.0
SBrkr,260000.0
SBrkr,260000.0
SBrkr,260000.0
SBrkr,260000.0
SBrkr,260000.0
SBrkr,260000.0
SBrkr,259500.0
SBrkr,259000.0
SBrkr,258000.0
SBrkr,257500.0
SBrkr,257000.0
SBrkr,256300.0
SBrkr,256000.0
SBrkr,256000.0
SBrkr,255900.0
SBrkr,255500.0
SBrkr,255000.0
SBrkr,255000.0
SBrkr,254900.0
SBrkr,254000.0
SBrkr,253293.0
SBrkr,253000.0
SBrkr,252678.0
SBrkr,252000.0
SBrkr,251000.0
SBrkr,250580.0
SBrkr,250000.0
SBrkr,250000.0
SBrkr,250000.0
SBrkr,250000.0
SBrkr,250000.0
SBrkr,250000.0
SBrkr,250000.0
SBrkr,250000.0
SBrkr,249700.0
SBrkr,248900.0
SBrkr,248328.0
SBrkr,248000.0
SBrkr,248000.0
SBrkr,246578.0
SBrkr,245500.0
SBrkr,245350.0
SBrkr,245000.0
SBrkr,244600.0
SBrkr,244400.0
SBrkr,244000.0
SBrkr,244000.0
SBrkr,244000.0
SBrkr,243000.0
SBrkr,242000.0
SBrkr,242000.0
SBrkr,241500.0
SBrkr,241500.0
SBrkr,241000.0
SBrkr,240000.0
SBrkr,240000.0
SBrkr,240000.0
SBrkr,240000.0
SBrkr,240000.0
SBrkr,240000.0
SBrkr,239900.0
SBrkr,239799.0
SBrkr,239686.0
SBrkr,239500.0
SBrkr,239000.0
SBrkr,239000.0
FuseA,239000.0
SBrkr,239000.0
SBrkr,239000.0
SBrkr,239000.0
SBrkr,238000.0
SBrkr,237500.0
SBrkr,237000.0
SBrkr,237000.0
SBrkr,236500.0
SBrkr,236500.0
SBrkr,236000.0
SBrkr,236000.0
SBrkr,235128.0
SBrkr,235000.0
SBrkr,235000.0
SBrkr,235000.0
SBrkr,235000.0
SBrkr,235000.0
SBrkr,235000.0
SBrkr,235000.0
SBrkr,234000.0
SBrkr,234000.0
SBrkr,233230.0
SBrkr,233170.0
SBrkr,233000.0
SBrkr,232600.0
SBrkr,232000.0
SBrkr,232000.0
SBrkr,232000.0
SBrkr,231500.0
SBrkr,231500.0
SBrkr,230500.0
SBrkr,230000.0
SBrkr,230000.0
SBrkr,230000.0
SBrkr,230000.0
SBrkr,230000.0
SBrkr,230000.0
SBrkr,230000.0
SBrkr,230000.0
SBrkr,229456.0
SBrkr,229000.0
SBrkr,228950.0
SBrkr,228500.0
SBrkr,228500.0
SBrkr,228000.0
SBrkr,228000.0
SBrkr,227875.0
SBrkr,227680.0
SBrkr,227000.0
SBrkr,227000.0
SBrkr,227000.0
SBrkr,226700.0
SBrkr,226000.0
SBrkr,226000.0
SBrkr,226000.0
SBrkr,225000.0
SBrkr,225000.0
SBrkr,225000.0
SBrkr,225000.0
SBrkr,225000.0
SBrkr,225000.0
SBrkr,224900.0
SBrkr,224900.0
SBrkr,224500.0
SBrkr,224000.0
SBrkr,224000.0
SBrkr,223500.0
SBrkr,223500.0
SBrkr,223000.0
SBrkr,222500.0
SBrkr,222500.0
SBrkr,222000.0
SBrkr,222000.0
SBrkr,222000.0
SBrkr,221500.0
SBrkr,221000.0
SBrkr,221000.0
SBrkr,220000.0
SBrkr,220000.0
SBrkr,220000.0
SBrkr,220000.0
SBrkr,220000.0
SBrkr,219500.0
SBrkr,219500.0
SBrkr,219500.0
SBrkr,219210.0
SBrkr,218000.0
SBrkr,217500.0
SBrkr,217000.0
SBrkr,217000.0
SBrkr,216837.0
SBrkr,216500.0
SBrkr,216000.0
SBrkr,215200.0
SBrkr,215000.0
SBrkr,215000.0
SBrkr,215000.0
SBrkr,215000.0
SBrkr,215000.0
SBrkr,215000.0
SBrkr,215000.0
SBrkr,215000.0
SBrkr,214900.0
FuseA,214500.0
SBrkr,214000.0
SBrkr,214000.0
SBrkr,214000.0
SBrkr,214000.0
SBrkr,214000.0
SBrkr,213500.0
SBrkr,213500.0
SBrkr,213490.0
SBrkr,213250.0
SBrkr,213000.0
SBrkr,213000.0
SBrkr,213000.0
SBrkr,212900.0
SBrkr,212000.0
SBrkr,212000.0
SBrkr,212000.0
SBrkr,211000.0
SBrkr,211000.0
SBrkr,210000.0
SBrkr,210000.0
SBrkr,210000.0
FuseA,210000.0
SBrkr,210000.0
SBrkr,209500.0
SBrkr,208900.0
SBrkr,208900.0
SBrkr,208500.0
SBrkr,208300.0
SBrkr,207500.0
SBrkr,207500.0
SBrkr,207500.0
SBrkr,207500.0
SBrkr,207500.0
SBrkr,207000.0
SBrkr,207000.0
SBrkr,206900.0
SBrkr,206300.0
SBrkr,206000.0
SBrkr,205950.0
SBrkr,205000.0
SBrkr,205000.0
SBrkr,205000.0
SBrkr,205000.0
SBrkr,205000.0
SBrkr,205000.0
SBrkr,204900.0
SBrkr,204750.0
SBrkr,204000.0
SBrkr,204000.0
SBrkr,203000.0
SBrkr,203000.0
SBrkr,202900.0
SBrkr,202665.0
SBrkr,202500.0
SBrkr,202500.0
SBrkr,202500.0
SBrkr,201800.0
SBrkr,201000.0
SBrkr,201000.0
SBrkr,201000.0
SBrkr,200624.0
SBrkr,200500.0
SBrkr,200500.0
SBrkr,200141.0
SBrkr,200100.0
SBrkr,200000.0
SBrkr,200000.0
SBrkr,200000.0
FuseA,200000.0
SBrkr,200000.0
SBrkr,200000.0
SBrkr,200000.0
SBrkr,200000.0
SBrkr,199900.0
SBrkr,199900.0
SBrkr,198900.0
SBrkr,198500.0
SBrkr,197900.0
SBrkr,197900.0
SBrkr,197900.0
SBrkr,197500.0
SBrkr,197500.0
SBrkr,197000.0
SBrkr,197000.0
SBrkr,197000.0
SBrkr,197000.0
SBrkr,196500.0
SBrkr,196500.0
SBrkr,196000.0
SBrkr,196000.0
SBrkr,196000.0
SBrkr,195400.0
SBrkr,195000.0
SBrkr,195000.0
SBrkr,195000.0
SBrkr,194700.0
SBrkr,194500.0
SBrkr,194500.0
SBrkr,194500.0
SBrkr,194201.0
SBrkr,194000.0
SBrkr,194000.0
SBrkr,194000.0
SBrkr,193879.0
SBrkr,193500.0
SBrkr,193500.0
SBrkr,193000.0
SBrkr,193000.0
SBrkr,193000.0
SBrkr,192500.0
SBrkr,192500.0
SBrkr,192140.0
SBrkr,192000.0
SBrkr,192000.0
SBrkr,192000.0
SBrkr,192000.0
SBrkr,192000.0
SBrkr,191000.0
SBrkr,191000.0
SBrkr,191000.0
SBrkr,191000.0
SBrkr,190000.0
SBrkr,190000.0
FuseA,190000.0
SBrkr,190000.0
SBrkr,190000.0
SBrkr,190000.0
SBrkr,190000.0
SBrkr,190000.0
SBrkr,190000.0
SBrkr,190000.0
SBrkr,190000.0
SBrkr,190000.0
SBrkr,190000.0
SBrkr,189950.0
SBrkr,189000.0
SBrkr,189000.0
SBrkr,189000.0
SBrkr,189000.0
SBrkr,189000.0
SBrkr,189000.0
FuseA,188700.0
SBrkr,188500.0
SBrkr,188000.0
SBrkr,188000.0
SBrkr,188000.0
SBrkr,187750.0
SBrkr,187500.0
SBrkr,187500.0
SBrkr,187500.0
SBrkr,187500.0
SBrkr,187500.0
SBrkr,187500.0
SBrkr,187100.0
SBrkr,187000.0
SBrkr,187000.0
SBrkr,187000.0
SBrkr,186700.0
SBrkr,186500.0
SBrkr,186500.0
SBrkr,186000.0
SBrkr,185900.0
SBrkr,185850.0
SBrkr,185750.0
SBrkr,185500.0
SBrkr,185000.0
SBrkr,185000.0
SBrkr,185000.0
SBrkr,185000.0
SBrkr,185000.0
SBrkr,185000.0
SBrkr,185000.0
SBrkr,185000.0
SBrkr,185000.0
SBrkr,185000.0
SBrkr,184900.0
SBrkr,184750.0
SBrkr,184100.0
SBrkr,184000.0
SBrkr,184000.0
SBrkr,184000.0
SBrkr,184000.0
SBrkr,183900.0
SBrkr,183500.0
SBrkr,183200.0
SBrkr,183000.0
SBrkr,182900.0
SBrkr,182000.0
SBrkr,181900.0
SBrkr,181500.0
SBrkr,181134.0
SBrkr,181000.0
SBrkr,181000.0
SBrkr,181000.0
SBrkr,181000.0
SBrkr,181000.0
SBrkr,181000.0
SBrkr,181000.0
SBrkr,180500.0
SBrkr,180500.0
FuseA,180500.0
SBrkr,180500.0
SBrkr,180000.0
SBrkr,180000.0
SBrkr,180000.0
SBrkr,180000.0
SBrkr,180000.0
SBrkr,180000.0
SBrkr,180000.0
SBrkr,180000.0
SBrkr,180000.0
SBrkr,180000.0
SBrkr,179900.0
SBrkr,179900.0
SBrkr,179900.0
SBrkr,179900.0
SBrkr,179900.0
SBrkr,179665.0
SBrkr,179600.0
SBrkr,179540.0
SBrkr,179500.0
SBrkr,179400.0
SBrkr,179200.0
SBrkr,179200.0
SBrkr,179000.0
SBrkr,179000.0
SBrkr,179000.0
SBrkr,178900.0
SBrkr,178740.0
SBrkr,178400.0
SBrkr,178000.0
SBrkr,178000.0
SBrkr,178000.0
SBrkr,178000.0
SBrkr,178000.0
SBrkr,178000.0
SBrkr,178000.0
SBrkr,177500.0
SBrkr,177500.0
SBrkr,177500.0
SBrkr,177000.0
SBrkr,177000.0
SBrkr,177000.0
SBrkr,177000.0
SBrkr,177000.0
SBrkr,176500.0
SBrkr,176500.0
SBrkr,176485.0
SBrkr,176432.0
SBrkr,176000.0
SBrkr,176000.0
SBrkr,176000.0
SBrkr,176000.0
SBrkr,176000.0
SBrkr,176000.0
SBrkr,176000.0
SBrkr,176000.0
SBrkr,175900.0
SBrkr,175900.0
SBrkr,175500.0
SBrkr,175500.0
SBrkr,175500.0
SBrkr,175000.0
SBrkr,175000.0
SBrkr,175000.0
SBrkr,175000.0
SBrkr,175000.0
SBrkr,175000.0
SBrkr,175000.0
SBrkr,175000.0
SBrkr,175000.0
SBrkr,174900.0
SBrkr,174500.0
SBrkr,174000.0
SBrkr,174000.0
SBrkr,174000.0
SBrkr,174000.0
SBrkr,174000.0
SBrkr,174000.0
SBrkr,174000.0
SBrkr,173900.0
SBrkr,173733.0
SBrkr,173500.0
SBrkr,173000.0
SBrkr,173000.0
SBrkr,173000.0
SBrkr,173000.0
SBrkr,173000.0
SBrkr,173000.0
SBrkr,173000.0
SBrkr,172785.0
SBrkr,172500.0
SBrkr,172500.0
SBrkr,172500.0
SBrkr,172500.0
SBrkr,172500.0
SBrkr,172400.0
SBrkr,172000.0
SBrkr,171900.0
SBrkr,171750.0
SBrkr,171500.0
SBrkr,171000.0
SBrkr,171000.0
SBrkr,171000.0
SBrkr,171000.0
SBrkr,171000.0
SBrkr,170000.0
SBrkr,170000.0
SBrkr,170000.0
SBrkr,170000.0
SBrkr,170000.0
SBrkr,170000.0
SBrkr,170000.0
SBrkr,170000.0
SBrkr,169990.0
SBrkr,169900.0
FuseF,169500.0
SBrkr,169500.0
SBrkr,169000.0
SBrkr,169000.0
SBrkr,169000.0
SBrkr,168500.0
SBrkr,168500.0
SBrkr,168500.0
SBrkr,168000.0
SBrkr,168000.0
SBrkr,168000.0
SBrkr,168000.0
SBrkr,167900.0
SBrkr,167900.0
SBrkr,167500.0
SBrkr,167500.0
NA,167500.0
SBrkr,167240.0
SBrkr,167000.0
SBrkr,167000.0
SBrkr,167000.0
SBrkr,167000.0
SBrkr,166000.0
FuseA,166000.0
SBrkr,165600.0
SBrkr,165500.0
SBrkr,165500.0
SBrkr,165500.0
SBrkr,165400.0
SBrkr,165150.0
SBrkr,165000.0
SBrkr,165000.0
SBrkr,165000.0
SBrkr,165000.0
SBrkr,165000.0
SBrkr,165000.0
SBrkr,165000.0
SBrkr,165000.0
SBrkr,164990.0
SBrkr,164900.0
SBrkr,164700.0
SBrkr,164500.0
SBrkr,164500.0
SBrkr,164000.0
SBrkr,164000.0
SBrkr,164000.0
SBrkr,163990.0
SBrkr,163900.0
SBrkr,163500.0
SBrkr,163500.0
SBrkr,163000.0
SBrkr,163000.0
SBrkr,163000.0
SBrkr,163000.0
SBrkr,162900.0
SBrkr,162900.0
SBrkr,162500.0
SBrkr,162000.0
SBrkr,162000.0
SBrkr,162000.0
SBrkr,162000.0
SBrkr,161750.0
SBrkr,161500.0
FuseA,161500.0
SBrkr,161000.0
SBrkr,161000.0
SBrkr,160200.0
SBrkr,160000.0
FuseA,160000.0
SBrkr,160000.0
SBrkr,160000.0
SBrkr,160000.0
SBrkr,160000.0
SBrkr,160000.0
SBrkr,160000.0
SBrkr,160000.0
SBrkr,160000.0
SBrkr,160000.0
SBrkr,160000.0
SBrkr,159950.0
SBrkr,159895.0
SBrkr,159500.0
SBrkr,159500.0
SBrkr,159500.0
SBrkr,159434.0
SBrkr,159000.0
SBrkr,159000.0
SBrkr,159000.0
SBrkr,159000.0
SBrkr,158900.0
SBrkr,158500.0
SBrkr,158000.0
SBrkr,158000.0
SBrkr,158000.0
SBrkr,158000.0
SBrkr,158000.0
SBrkr,158000.0
SBrkr,157900.0
SBrkr,157900.0
FuseA,157500.0
SBrkr,157500.0
SBrkr,157000.0
SBrkr,157000.0
SBrkr,157000.0
SBrkr,157000.0
SBrkr,157000.0
SBrkr,157000.0
SBrkr,156932.0
SBrkr,156500.0
SBrkr,156000.0
SBrkr,156000.0
SBrkr,156000.0
SBrkr,156000.0
SBrkr,155900.0
SBrkr,155835.0
SBrkr,155000.0
SBrkr,155000.0
FuseA,155000.0
SBrkr,155000.0
SBrkr,155000.0
FuseA,155000.0
SBrkr,155000.0
SBrkr,155000.0
SBrkr,155000.0
SBrkr,155000.0
SBrkr,155000.0
SBrkr,155000.0
SBrkr,155000.0
SBrkr,155000.0
SBrkr,154900.0
SBrkr,154500.0
FuseA,154300.0
SBrkr,154000.0
SBrkr,154000.0
SBrkr,154000.0
SBrkr,154000.0
SBrkr,154000.0
SBrkr,153900.0
SBrkr,153900.0
FuseA,153575.0
SBrkr,153500.0
SBrkr,153500.0
SBrkr,153500.0
SBrkr,153337.0
SBrkr,153000.0
SBrkr,153000.0
SBrkr,153000.0
FuseA,152000.0
FuseA,152000.0
SBrkr,152000.0
SBrkr,152000.0
SBrkr,152000.0
SBrkr,152000.0
SBrkr,151500.0
SBrkr,151400.0
SBrkr,151000.0
SBrkr,151000.0
SBrkr,151000.0
SBrkr,151000.0
SBrkr,151000.0
SBrkr,150900.0
SBrkr,150750.0
SBrkr,150500.0
FuseA,150000.0
SBrkr,150000.0
FuseA,150000.0
SBrkr,150000.0
SBrkr,149900.0
SBrkr,149900.0
SBrkr,149900.0
SBrkr,149900.0
FuseA,149700.0
SBrkr,149500.0
SBrkr,149500.0
SBrkr,149350.0
SBrkr,149300.0
SBrkr,149000.0
SBrkr,149000.0
SBrkr,149000.0
SBrkr,149000.0
SBrkr,148800.0
SBrkr,148500.0
SBrkr,148500.0
SBrkr,148500.0
SBrkr,148000.0
SBrkr,148000.0
SBrkr,148000.0
SBrkr,148000.0
SBrkr,148000.0
SBrkr,148000.0
SBrkr,148000.0
SBrkr,147500.0
SBrkr,147400.0
FuseA,147000.0
SBrkr,147000.0
SBrkr,147000.0
SBrkr,147000.0
SBrkr,147000.0
SBrkr,147000.0
SBrkr,147000.0
SBrkr,147000.0
SBrkr,147000.0
SBrkr,146800.0
SBrkr,146500.0
SBrkr,146000.0
SBrkr,146000.0
SBrkr,146000.0
SBrkr,145900.0
SBrkr,145500.0
SBrkr,145250.0
SBrkr,145000.0
SBrkr,145000.0
SBrkr,145000.0
SBrkr,145000.0
SBrkr,145000.0
SBrkr,145000.0
SBrkr,145000.0
FuseA,145000.0
FuseF,145000.0
SBrkr,145000.0
SBrkr,145000.0
SBrkr,145000.0
SBrkr,145000.0
SBrkr,145000.0
SBrkr,144900.0
SBrkr,144500.0
FuseA,144500.0
SBrkr,144152.0
SBrkr,144000.0
SBrkr,144000.0
SBrkr,144000.0
SBrkr,144000.0
SBrkr,144000.0
SBrkr,144000.0
SBrkr,144000.0
FuseA,144000.0
SBrkr,144000.0
SBrkr,144000.0
SBrkr,143900.0
SBrkr,143750.0
SBrkr,143500.0
SBrkr,143500.0
SBrkr,143250.0
SBrkr,143000.0
SBrkr,143000.0
SBrkr,143000.0
SBrkr,143000.0
SBrkr,143000.0
SBrkr,143000.0
SBrkr,143000.0
SBrkr,143000.0
SBrkr,143000.0
SBrkr,143000.0
SBrkr,142953.0
SBrkr,142600.0
SBrkr,142500.0
SBrkr,142500.0
SBrkr,142500.0
FuseA,142125.0
SBrkr,142000.0
SBrkr,142000.0
SBrkr,142000.0
SBrkr,142000.0
SBrkr,141500.0
FuseA,141000.0
SBrkr,141000.0
SBrkr,141000.0
SBrkr,141000.0
FuseA,141000.0
SBrkr,141000.0
SBrkr,141000.0
SBrkr,141000.0
SBrkr,140200.0
SBrkr,140000.0
SBrkr,140000.0
SBrkr,140000.0
SBrkr,140000.0
SBrkr,140000.0
SBrkr,140000.0
SBrkr,140000.0
SBrkr,140000.0
SBrkr,140000.0
SBrkr,140000.0
SBrkr,140000.0
SBrkr,140000.0
SBrkr,140000.0
SBrkr,140000.0
SBrkr,140000.0
SBrkr,140000.0
SBrkr,140000.0
SBrkr,140000.0
SBrkr,140000.0
FuseA,140000.0
SBrkr,139950.0
SBrkr,139900.0
FuseA,139600.0
SBrkr,139500.0
FuseF,139400.0
SBrkr,139400.0
SBrkr,139000.0
SBrkr,139000.0
SBrkr,139000.0
SBrkr,139000.0
FuseA,139000.0
SBrkr,139000.0
SBrkr,139000.0
SBrkr,139000.0
SBrkr,139000.0
SBrkr,139000.0
SBrkr,139000.0
FuseF,138887.0
SBrkr,138800.0
SBrkr,138500.0
SBrkr,138500.0
SBrkr,138000.0
SBrkr,138000.0
FuseA,138000.0
FuseA,137900.0
SBrkr,137500.0
SBrkr,137500.0
SBrkr,137500.0
FuseA,137500.0
SBrkr,137500.0
SBrkr,137500.0
SBrkr,137450.0
FuseP,137000.0
SBrkr,137000.0
SBrkr,137000.0
SBrkr,137000.0
FuseA,137000.0
SBrkr,136905.0
SBrkr,136900.0
SBrkr,136500.0
SBrkr,136500.0
SBrkr,136500.0
SBrkr,136500.0
SBrkr,136500.0
SBrkr,136000.0
SBrkr,136000.0
SBrkr,136000.0
SBrkr,135960.0
SBrkr,135900.0
FuseA,135750.0
SBrkr,135500.0
SBrkr,135500.0
SBrkr,135000.0
SBrkr,135000.0
SBrkr,135000.0
SBrkr,135000.0
SBrkr,135000.0
SBrkr,135000.0
SBrkr,135000.0
SBrkr,135000.0
FuseA,135000.0
SBrkr,135000.0
FuseA,135000.0
SBrkr,135000.0
SBrkr,135000.0
SBrkr,135000.0
SBrkr,135000.0
SBrkr,135000.0
SBrkr,135000.0
SBrkr,134900.0
SBrkr,134900.0
SBrkr,134800.0
SBrkr,134500.0
SBrkr,134500.0
SBrkr,134450.0
SBrkr,134432.0
SBrkr,134000.0
SBrkr,134000.0
SBrkr,134000.0
SBrkr,133900.0
SBrkr,133900.0
FuseA,133700.0
SBrkr,133500.0
FuseA,133000.0
SBrkr,133000.0
SBrkr,133000.0
SBrkr,133000.0
SBrkr,133000.0
SBrkr,133000.0
SBrkr,132500.0
SBrkr,132500.0
SBrkr,132500.0
SBrkr,132500.0
FuseF,132500.0
SBrkr,132500.0
SBrkr,132250.0
FuseA,132000.0
SBrkr,132000.0
SBrkr,132000.0
SBrkr,132000.0
SBrkr,132000.0
SBrkr,132000.0
FuseF,131500.0
SBrkr,131500.0
SBrkr,131500.0
SBrkr,131400.0
SBrkr,131000.0
SBrkr,131000.0
SBrkr,131000.0
SBrkr,130500.0
SBrkr,130500.0
SBrkr,130500.0
SBrkr,130250.0
SBrkr,130000.0
SBrkr,130000.0
SBrkr,130000.0
SBrkr,130000.0
FuseF,130000.0
SBrkr,130000.0
SBrkr,130000.0
SBrkr,130000.0
FuseA,130000.0
SBrkr,130000.0
SBrkr,130000.0
FuseF,129900.0
SBrkr,129900.0
SBrkr,129900.0
FuseA,129900.0
SBrkr,129500.0
SBrkr,129500.0
SBrkr,129500.0
SBrkr,129500.0
SBrkr,129000.0
SBrkr,129000.0
SBrkr,129000.0
SBrkr,129000.0
SBrkr,129000.0
SBrkr,129000.0
SBrkr,129000.0
SBrkr,129000.0
SBrkr,128950.0
SBrkr,128900.0
SBrkr,128500.0
SBrkr,128500.0
SBrkr,128500.0
SBrkr,128500.0
SBrkr,128200.0
SBrkr,128000.0
SBrkr,128000.0
FuseF,128000.0
SBrkr,128000.0
SBrkr,128000.0
SBrkr,128000.0
SBrkr,128000.0
SBrkr,127500.0
SBrkr,127500.0
SBrkr,127500.0
SBrkr,127500.0
FuseA,127500.0
SBrkr,127500.0
SBrkr,127000.0
SBrkr,127000.0
SBrkr,127000.0
SBrkr,127000.0
SBrkr,127000.0
SBrkr,127000.0
SBrkr,127000.0
SBrkr,127000.0
SBrkr,127000.0
SBrkr,126500.0
SBrkr,126175.0
FuseF,126000.0
SBrkr,126000.0
SBrkr,126000.0
SBrkr,125500.0
SBrkr,125500.0
SBrkr,125500.0
SBrkr,125500.0
SBrkr,125000.0
FuseA,125000.0
SBrkr,125000.0
SBrkr,125000.0
SBrkr,125000.0
SBrkr,125000.0
SBrkr,125000.0
SBrkr,125000.0
SBrkr,125000.0
SBrkr,125000.0
SBrkr,124900.0
SBrkr,124900.0
SBrkr,124500.0
SBrkr,124500.0
SBrkr,124500.0
SBrkr,124500.0
SBrkr,124000.0
FuseA,124000.0
SBrkr,124000.0
FuseA,124000.0
SBrkr,124000.0
SBrkr,124000.0
SBrkr,123600.0
FuseA,123500.0
SBrkr,123000.0
SBrkr,123000.0
SBrkr,123000.0
SBrkr,123000.0
SBrkr,122900.0
SBrkr,122500.0
SBrkr,122500.0
SBrkr,122000.0
SBrkr,122000.0
FuseF,122000.0
SBrkr,122000.0
SBrkr,121600.0
SBrkr,121500.0
FuseF,121000.0
SBrkr,120500.0
SBrkr,120500.0
SBrkr,120500.0
SBrkr,120500.0
SBrkr,120000.0
SBrkr,120000.0
SBrkr,120000.0
SBrkr,120000.0
SBrkr,120000.0
SBrkr,120000.0
SBrkr,120000.0
SBrkr,119900.0
SBrkr,119900.0
SBrkr,119750.0
SBrkr,119500.0
SBrkr,119500.0
SBrkr,119500.0
SBrkr,119500.0
SBrkr,119200.0
SBrkr,119000.0
SBrkr,119000.0
SBrkr,119000.0
FuseA,119000.0
SBrkr,119000.0
SBrkr,119000.0
SBrkr,119000.0
SBrkr,118964.0
SBrkr,118858.0
SBrkr,118500.0
SBrkr,118500.0
SBrkr,118500.0
SBrkr,118500.0
FuseA,118400.0
SBrkr,118000.0
SBrkr,118000.0
FuseF,118000.0
SBrkr,118000.0
SBrkr,118000.0
SBrkr,118000.0
SBrkr,117500.0
SBrkr,117500.0
SBrkr,117000.0
SBrkr,117000.0
SBrkr,117000.0
SBrkr,117000.0
SBrkr,116900.0
SBrkr,116500.0
SBrkr,116050.0
FuseA,116000.0
SBrkr,116000.0
SBrkr,116000.0
SBrkr,115000.0
FuseF,115000.0
SBrkr,115000.0
FuseA,115000.0
FuseA,115000.0
FuseA,115000.0
SBrkr,115000.0
SBrkr,115000.0
SBrkr,115000.0
SBrkr,115000.0
SBrkr,115000.0
SBrkr,115000.0
FuseA,114504.0
SBrkr,114500.0
FuseA,114500.0
SBrkr,113000.0
FuseA,113000.0
FuseA,113000.0
SBrkr,113000.0
FuseA,113000.0
SBrkr,113000.0
FuseA,112500.0
SBrkr,112500.0
SBrkr,112000.0
SBrkr,112000.0
FuseA,112000.0
SBrkr,112000.0
SBrkr,112000.0
SBrkr,112000.0
SBrkr,112000.0
SBrkr,111250.0
SBrkr,111000.0
SBrkr,110500.0
SBrkr,110500.0
SBrkr,110000.0
SBrkr,110000.0
SBrkr,110000.0
SBrkr,110000.0
FuseA,110000.0
SBrkr,110000.0
SBrkr,110000.0
SBrkr,110000.0
SBrkr,110000.0
SBrkr,110000.0
SBrkr,110000.0
SBrkr,110000.0
SBrkr,110000.0
FuseA,109900.0
SBrkr,109900.0
FuseA,109900.0
FuseF,109500.0
SBrkr,109500.0
SBrkr,109500.0
SBrkr,109500.0
SBrkr,109008.0
SBrkr,109000.0
FuseA,109000.0
SBrkr,108959.0
FuseA,108500.0
SBrkr,108480.0
SBrkr,108000.0
SBrkr,108000.0
SBrkr,108000.0
SBrkr,108000.0
SBrkr,108000.0
SBrkr,108000.0
SBrkr,107900.0
SBrkr,107500.0
SBrkr,107500.0
SBrkr,107500.0
SBrkr,107400.0
SBrkr,107000.0
SBrkr,107000.0
SBrkr,107000.0
SBrkr,106500.0
SBrkr,106500.0
FuseA,106250.0
SBrkr,106000.0
FuseA,106000.0
SBrkr,106000.0
SBrkr,105900.0
SBrkr,105500.0
FuseA,105000.0
SBrkr,105000.0
SBrkr,105000.0
SBrkr,105000.0
SBrkr,105000.0
SBrkr,104900.0
SBrkr,104900.0
SBrkr,104000.0
SBrkr,103600.0
SBrkr,103200.0
FuseA,103000.0
SBrkr,102776.0
FuseF,102000.0
SBrkr,102000.0
SBrkr,102000.0
SBrkr,101800.0
SBrkr,101000.0
SBrkr,100000.0
SBrkr,100000.0
SBrkr,100000.0
FuseA,100000.0
SBrkr,100000.0
SBrkr,100000.0
SBrkr,100000.0
SBrkr,100000.0
SBrkr,100000.0
SBrkr,99900.0
SBrkr,99500.0
SBrkr,98600.0
SBrkr,98300.0
FuseA,98000.0
SBrkr,98000.0
FuseF,98000.0
SBrkr,97500.0
SBrkr,97000.0
FuseA,97000.0
SBrkr,97000.0
SBrkr,96500.0
SBrkr,96500.0
SBrkr,95000.0
SBrkr,95000.0
FuseF,94750.0
SBrkr,94500.0
SBrkr,94000.0
FuseF,93500.0
SBrkr,93500.0
FuseA,93000.0
SBrkr,93000.0
SBrkr,93000.0
FuseA,92900.0
SBrkr,92000.0
FuseA,91500.0
SBrkr,91500.0
FuseA,91300.0
SBrkr,91000.0
SBrkr,91000.0
SBrkr,91000.0
SBrkr,90350.0
SBrkr,90000.0
SBrkr,90000.0
FuseF,90000.0
SBrkr,89500.0
FuseA,89500.0
SBrkr,89471.0
SBrkr,89000.0
SBrkr,88000.0
SBrkr,88000.0
SBrkr,88000.0
SBrkr,88000.0
FuseA,87500.0
SBrkr,87000.0
FuseF,87000.0
SBrkr,87000.0
FuseA,87000.0
SBrkr,86000.0
SBrkr,86000.0
FuseA,86000.0
FuseA,85500.0
SBrkr,85400.0
SBrkr,85000.0
SBrkr,85000.0
FuseA,85000.0
SBrkr,85000.0
SBrkr,84900.0
SBrkr,84500.0
SBrkr,84500.0
SBrkr,84500.0
SBrkr,84000.0
SBrkr,83500.0
SBrkr,83000.0
SBrkr,83000.0
SBrkr,82500.0
SBrkr,82500.0
SBrkr,82500.0
FuseP,82000.0
SBrkr,82000.0
FuseF,82000.0
SBrkr,81000.0
SBrkr,81000.0
SBrkr,81000.0
SBrkr,80500.0
SBrkr,80000.0
SBrkr,80000.0
SBrkr,80000.0
FuseA,80000.0
SBrkr,79900.0
SBrkr,79900.0
FuseA,79500.0
FuseF,79000.0
FuseA,79000.0
SBrkr,79000.0
SBrkr,78000.0
SBrkr,76500.0
FuseA,76000.0
SBrkr,75500.0
SBrkr,75000.0
FuseP,73000.0
SBrkr,72500.0
SBrkr,68500.0
FuseA,68400.0
Mix,67000.0
FuseF,67000.0
SBrkr,66500.0
SBrkr,64500.0
SBrkr,62383.0
FuseA,61000.0
FuseA,60000.0
FuseA,60000.0
FuseF,60000.0
FuseF,58500.0
FuseA,55993.0
SBrkr,55000.0
SBrkr,55000.0
FuseA,52500.0
SBrkr,52000.0
SBrkr,40000.0
FuseF,39300.0
SBrkr,37900.0
FuseA,35311.0
FuseA,34900.0
