GarageType,SalePrice
Attchd,755000.0
Attchd,745000.0
Attchd,625000.0
Attchd,611657.0
BuiltIn,582933.0
BuiltIn,556581.0
Attchd,555000.0
BuiltIn,538000.0
Attchd,501837.0
BuiltIn,485000.0
Detchd,475000.0
Attchd,466500.0
Attchd,465000.0
BuiltIn,451950.0
Attchd,446261.0
Attchd,440000.0
BuiltIn,438780.0
Attchd,437154.0
Attchd,430000.0
BuiltIn,426000.0
BuiltIn,424870.0
Attchd,423000.0
Attchd,415298.0
BuiltIn,412500.0
Attchd,410000.0
Attchd,403000.0
Attchd,402861.0
Attchd,402000.0
Attchd,395192.0
Attchd,395000.0
Attchd,394617.0
Attchd,394432.0
Attchd,392500.0
Attchd,392000.0
Attchd,386250.0
Attchd,385000.0
Attchd,385000.0
BuiltIn,383970.0
BuiltIn,381000.0
BuiltIn,380000.0
Attchd,378500.0
Attchd,377500.0
Attchd,377426.0
Attchd,375000.0
Attchd,374000.0
Attchd,372500.0
Attchd,372402.0
Attchd,370878.0
Attchd,369900.0
Attchd,367294.0
BuiltIn,361919.0
Attchd,360000.0
Basment,359100.0
BuiltIn,354000.0
Attchd,350000.0
Attchd,350000.0
Attchd,348000.0
BuiltIn,345000.0
Attchd,345000.0
Attchd,342643.0
Attchd,341000.0
Attchd,340000.0
Attchd,340000.0
Attchd,339750.0
Attchd,337500.0
Attchd,337000.0
Attchd,336000.0
Attchd,335000.0
Attchd,335000.0
Attchd,335000.0
BuiltIn,333168.0
Attchd,328900.0
Attchd,328000.0
Attchd,326000.0
Attchd,325624.0
BuiltIn,325300.0
BuiltIn,325000.0
Detchd,325000.0
Attchd,325000.0
Attchd,325000.0
Attchd,324000.0
Attchd,320000.0
Attchd,320000.0
Attchd,320000.0
Attchd,320000.0
Attchd,319900.0
Attchd,319000.0
Attchd,318061.0
Attchd,318000.0
Attchd,318000.0
BuiltIn,317000.0
BuiltIn,316600.0
Attchd,315750.0
Attchd,315500.0
Detchd,315000.0
Attchd,315000.0
Attchd,315000.0
Attchd,315000.0
Attchd,314813.0
Attchd,313000.0
Attchd,312500.0
Attchd,311872.0
Attchd,311500.0
Attchd,310000.0
Attchd,310000.0
BuiltIn,309000.0
Attchd,307000.0
Attchd,306000.0
Attchd,305900.0
Attchd,305000.0
BuiltIn,303477.0
Attchd,302000.0
Attchd,302000.0
Attchd,301500.0
Attchd,301000.0
BuiltIn,299800.0
Attchd,297000.0
Attchd,295493.0
Attchd,295000.0
Attchd,294000.0
Attchd,293077.0
Attchd,290000.0
Attchd,290000.0
Attchd,290000.0
Attchd,290000.0
Attchd,290000.0
Attchd,289000.0
Attchd,287090.0
Attchd,287000.0
BuiltIn,287000.0
Attchd,286000.0
Attchd,285000.0
BuiltIn,285000.0
Attchd,285000.0
Attchd,284000.0
BuiltIn,284000.0
Attchd,283463.0
Attchd,282922.0
BuiltIn,281213.0
BuiltIn,281000.0
Attchd,280000.0
Attchd,280000.0
Attchd,280000.0
Attchd,280000.0
Attchd,279500.0
Attchd,278000.0
Attchd,278000.0
Attchd,277500.0
Attchd,277000.0
Attchd,277000.0
BuiltIn,276000.0
Attchd,275500.0
Attchd,275000.0
BuiltIn,275000.0
Attchd,275000.0
Attchd,275000.0
Attchd,275000.0
Attchd,274970.0
Attchd,274900.0
BuiltIn,274725.0
Detchd,274300.0
Attchd,274000.0
Attchd,272000.0
Attchd,272000.0
Attchd,271900.0
Attchd,271000.0
Attchd,271000.0
Attchd,270000.0
Attchd,270000.0
Attchd,270000.0
Attchd,269790.0
BuiltIn,269500.0
Attchd,268000.0
Attchd,268000.0
BuiltIn,267000.0
Attchd,266500.0
Attchd,266000.0
Attchd,266000.0
Detchd,265979.0
Attchd,265900.0
Attchd,265000.0
Attchd,264561.0
Attchd,264132.0
BuiltIn,263435.0
BuiltIn,263000.0
Attchd,262500.0
Attchd,262500.0
Attchd,262280.0
Attchd,262000.0
BuiltIn,261500.0
Attchd,260400.0
Attchd,260000.0
Attchd,260000.0
Attchd,260000.0
Attchd,260000.0
Attchd,260000.0
Attchd,260000.0
Detchd,259500.0
Attchd,259000.0
BuiltIn,258000.0
Attchd,257500.0
Attchd,257000.0
Attchd,256300.0
Attchd,256000.0
Detchd,256000.0
Attchd,255900.0
Attchd,255500.0
Attchd,255000.0
Attchd,255000.0
Attchd,254900.0
Attchd,254000.0
Attchd,253293.0
Attchd,253000.0
Attchd,252678.0
Attchd,252000.0
Attchd,251000.0
Attchd,250580.0
Attchd,250000.0
Attchd,250000.0
Attchd,250000.0
Attchd,250000.0
Attchd,250000.0
Attchd,250000.0
Attchd,250000.0
Attchd,250000.0
Attchd,249700.0
Attchd,248900.0
Attchd,248328.0
BuiltIn,248000.0
BuiltIn,248000.0
Attchd,246578.0
Attchd,245500.0
Attchd,245350.0
Attchd,245000.0
Attchd,244600.0
Attchd,244400.0
Attchd,244000.0
BuiltIn,244000.0
Attchd,244000.0
Attchd,243000.0
BuiltIn,242000.0
Attchd,242000.0
Attchd,241500.0
Attchd,241500.0
Attchd,241000.0
Attchd,240000.0
Attchd,240000.0
Detchd,240000.0
Attchd,240000.0
Attchd,240000.0
Attchd,240000.0
Attchd,239900.0
Attchd,239799.0
Attchd,239686.0
Attchd,239500.0
Attchd,239000.0
Detchd,239000.0
Detchd,239000.0
Attchd,239000.0
Detchd,239000.0
Attchd,239000.0
Attchd,238000.0
Attchd,237500.0
Attchd,237000.0
Attchd,237000.0
Attchd,236500.0
Attchd,236500.0
BuiltIn,236000.0
Attchd,236000.0
Attchd,235128.0
Attchd,235000.0
Detchd,235000.0
Attchd,235000.0
Attchd,235000.0
Basment,235000.0
Attchd,235000.0
Attchd,235000.0
Detchd,234000.0
Attchd,234000.0
Attchd,233230.0
Attchd,233170.0
BuiltIn,233000.0
Attchd,232600.0
Attchd,232000.0
Attchd,232000.0
Attchd,232000.0
Attchd,231500.0
Attchd,231500.0
Attchd,230500.0
Attchd,230000.0
Attchd,230000.0
BuiltIn,230000.0
Attchd,230000.0
Attchd,230000.0
Attchd,230000.0
Detchd,230000.0
Attchd,230000.0
Attchd,229456.0
Attchd,229000.0
Attchd,228950.0
Attchd,228500.0
Attchd,228500.0
Attchd,228000.0
Attchd,228000.0
Attchd,227875.0
Attchd,227680.0
Attchd,227000.0
Attchd,227000.0
Attchd,227000.0
Attchd,226700.0
Attchd,226000.0
Attchd,226000.0
Attchd,226000.0
Attchd,225000.0
Attchd,225000.0
Attchd,225000.0
Attchd,225000.0
BuiltIn,225000.0
Attchd,225000.0
Attchd,224900.0
Attchd,224900.0
Attchd,224500.0
Attchd,224000.0
Detchd,224000.0
Attchd,223500.0
Attchd,223500.0
Attchd,223000.0
BuiltIn,222500.0
Attchd,222500.0
Attchd,222000.0
Attchd,222000.0
BuiltIn,222000.0
Attchd,221500.0
Attchd,221000.0
Attchd,221000.0
Attchd,220000.0
Attchd,220000.0
Attchd,220000.0
Attchd,220000.0
Detchd,220000.0
Attchd,219500.0
BuiltIn,219500.0
Attchd,219500.0
BuiltIn,219210.0
Attchd,218000.0
Attchd,217500.0
Basment,217000.0
Attchd,217000.0
Attchd,216837.0
BuiltIn,216500.0
Attchd,216000.0
Attchd,215200.0
Attchd,215000.0
BuiltIn,215000.0
Attchd,215000.0
Attchd,215000.0
Attchd,215000.0
BuiltIn,215000.0
Attchd,215000.0
Attchd,215000.0
BuiltIn,214900.0
Detchd,214500.0
Attchd,214000.0
Attchd,214000.0
Attchd,214000.0
BuiltIn,214000.0
BuiltIn,214000.0
Attchd,213500.0
Attchd,213500.0
Attchd,213490.0
Attchd,213250.0
Attchd,213000.0
Attchd,213000.0
Attchd,213000.0
Attchd,212900.0
Attchd,212000.0
Attchd,212000.0
Attchd,212000.0
Attchd,211000.0
Attchd,211000.0
Attchd,210000.0
Attchd,210000.0
Attchd,210000.0
Detchd,210000.0
Attchd,210000.0
Attchd,209500.0
Attchd,208900.0
Attchd,208900.0
Attchd,208500.0
Attchd,208300.0
Attchd,207500.0
Attchd,207500.0
Attchd,207500.0
Attchd,207500.0
Attchd,207500.0
Attchd,207000.0
Detchd,207000.0
Attchd,206900.0
Attchd,206300.0
Attchd,206000.0
Attchd,205950.0
Attchd,205000.0
Attchd,205000.0
Detchd,205000.0
Attchd,205000.0
Attchd,205000.0
Attchd,205000.0
Attchd,204900.0
Attchd,204750.0
Attchd,204000.0
Attchd,204000.0
Attchd,203000.0
Attchd,203000.0
Attchd,202900.0
Attchd,202665.0
Attchd,202500.0
Attchd,202500.0
Attchd,202500.0
Attchd,201800.0
Attchd,201000.0
Attchd,201000.0
Attchd,201000.0
Attchd,200624.0
Attchd,200500.0
NA,200500.0
Attchd,200141.0
Detchd,200100.0
Attchd,200000.0
Detchd,200000.0
BuiltIn,200000.0
NA,200000.0
Attchd,200000.0
Attchd,200000.0
BuiltIn,200000.0
Detchd,200000.0
Attchd,199900.0
Attchd,199900.0
Attchd,198900.0
BuiltIn,198500.0
Attchd,197900.0
Attchd,197900.0
Attchd,197900.0
Attchd,197500.0
Attchd,197500.0
Attchd,197000.0
Basment,197000.0
Attchd,197000.0
Attchd,197000.0
Attchd,196500.0
Attchd,196500.0
Attchd,196000.0
Attchd,196000.0
Attchd,196000.0
Attchd,195400.0
Attchd,195000.0
Attchd,195000.0
BuiltIn,195000.0
Attchd,194700.0
Attchd,194500.0
Attchd,194500.0
Attchd,194500.0
Attchd,194201.0
Attchd,194000.0
Attchd,194000.0
Attchd,194000.0
Attchd,193879.0
Attchd,193500.0
Attchd,193500.0
Attchd,193000.0
Attchd,193000.0
Attchd,193000.0
Attchd,192500.0
Attchd,192500.0
BuiltIn,192140.0
Attchd,192000.0
Attchd,192000.0
Attchd,192000.0
Attchd,192000.0
Attchd,192000.0
Attchd,191000.0
Attchd,191000.0
Attchd,191000.0
Detchd,191000.0
Attchd,190000.0
Attchd,190000.0
Attchd,190000.0
Attchd,190000.0
Attchd,190000.0
Attchd,190000.0
Attchd,190000.0
Attchd,190000.0
Attchd,190000.0
BuiltIn,190000.0
Attchd,190000.0
Attchd,190000.0
Attchd,190000.0
Detchd,189950.0
Attchd,189000.0
Attchd,189000.0
Attchd,189000.0
Attchd,189000.0
Attchd,189000.0
BuiltIn,189000.0
Detchd,188700.0
Attchd,188500.0
Detchd,188000.0
Attchd,188000.0
Attchd,188000.0
Attchd,187750.0
Attchd,187500.0
Attchd,187500.0
Attchd,187500.0
Attchd,187500.0
Attchd,187500.0
Attchd,187500.0
Attchd,187100.0
Attchd,187000.0
Attchd,187000.0
Attchd,187000.0
2Types,186700.0
Attchd,186500.0
Attchd,186500.0
Attchd,186000.0
Attchd,185900.0
Attchd,185850.0
Attchd,185750.0
Attchd,185500.0
Attchd,185000.0
BuiltIn,185000.0
Attchd,185000.0
Attchd,185000.0
Detchd,185000.0
Attchd,185000.0
Attchd,185000.0
Attchd,185000.0
Attchd,185000.0
Attchd,185000.0
Attchd,184900.0
BuiltIn,184750.0
BuiltIn,184100.0
Attchd,184000.0
Attchd,184000.0
Detchd,184000.0
Attchd,184000.0
Detchd,183900.0
Attchd,183500.0
Attchd,183200.0
Attchd,183000.0
Attchd,182900.0
Attchd,182000.0
Attchd,181900.0
Attchd,181500.0
Attchd,181134.0
Attchd,181000.0
Attchd,181000.0
Attchd,181000.0
Attchd,181000.0
Attchd,181000.0
BuiltIn,181000.0
Attchd,181000.0
Attchd,180500.0
Attchd,180500.0
Detchd,180500.0
Attchd,180500.0
Attchd,180000.0
BuiltIn,180000.0
Attchd,180000.0
Attchd,180000.0
Attchd,180000.0
Attchd,180000.0
Attchd,180000.0
Attchd,180000.0
Attchd,180000.0
Attchd,180000.0
Attchd,179900.0
Attchd,179900.0
Attchd,179900.0
Attchd,179900.0
Attchd,179900.0
Attchd,179665.0
Attchd,179600.0
Attchd,179540.0
Detchd,179500.0
Detchd,179400.0
Attchd,179200.0
Attchd,179200.0
Attchd,179000.0
NA,179000.0
Attchd,179000.0
Attchd,178900.0
Attchd,178740.0
Attchd,178400.0
Attchd,178000.0
Detchd,178000.0
Attchd,178000.0
BuiltIn,178000.0
Attchd,178000.0
Attchd,178000.0
BuiltIn,178000.0
Attchd,177500.0
Attchd,177500.0
Detchd,177500.0
Attchd,177000.0
Detchd,177000.0
Attchd,177000.0
Basment,177000.0
Detchd,177000.0
Attchd,176500.0
Attchd,176500.0
Attchd,176485.0
Attchd,176432.0
Detchd,176000.0
Attchd,176000.0
Attchd,176000.0
Attchd,176000.0
Attchd,176000.0
Attchd,176000.0
Attchd,176000.0
Attchd,176000.0
Attchd,175900.0
Attchd,175900.0
Attchd,175500.0
Attchd,175500.0
BuiltIn,175500.0
Attchd,175000.0
Attchd,175000.0
Attchd,175000.0
Attchd,175000.0
Attchd,175000.0
Attchd,175000.0
Detchd,175000.0
Attchd,175000.0
Attchd,175000.0
Attchd,174900.0
Attchd,174500.0
BuiltIn,174000.0
Attchd,174000.0
Attchd,174000.0
Attchd,174000.0
Attchd,174000.0
Detchd,174000.0
Attchd,174000.0
Attchd,173900.0
Detchd,173733.0
Attchd,173500.0
Attchd,173000.0
Attchd,173000.0
Attchd,173000.0
Attchd,173000.0
BuiltIn,173000.0
Attchd,173000.0
Attchd,173000.0
Attchd,172785.0
Attchd,172500.0
Attchd,172500.0
Attchd,172500.0
Detchd,172500.0
Attchd,172500.0
Attchd,172400.0
Attchd,172000.0
Detchd,171900.0
Attchd,171750.0
Detchd,171500.0
2Types,171000.0
Attchd,171000.0
Basment,171000.0
Attchd,171000.0
Attchd,171000.0
Attchd,170000.0
Attchd,170000.0
BuiltIn,170000.0
Attchd,170000.0
Attchd,170000.0
Attchd,170000.0
Attchd,170000.0
Attchd,170000.0
Attchd,169990.0
Attchd,169900.0
Detchd,169500.0
Attchd,169500.0
Attchd,169000.0
Attchd,169000.0
Detchd,169000.0
BuiltIn,168500.0
Detchd,168500.0
Attchd,168500.0
BuiltIn,168000.0
Detchd,168000.0
Attchd,168000.0
2Types,168000.0
Attchd,167900.0
Attchd,167900.0
Detchd,167500.0
Attchd,167500.0
BuiltIn,167500.0
Attchd,167240.0
Attchd,167000.0
Attchd,167000.0
Detchd,167000.0
Attchd,167000.0
Detchd,166000.0
Attchd,166000.0
Attchd,165600.0
Attchd,165500.0
Attchd,165500.0
BuiltIn,165500.0
BuiltIn,165400.0
Attchd,165150.0
Basment,165000.0
Attchd,165000.0
Attchd,165000.0
Attchd,165000.0
Detchd,165000.0
Detchd,165000.0
Attchd,165000.0
Attchd,165000.0
Attchd,164990.0
CarPort,164900.0
Detchd,164700.0
Detchd,164500.0
Attchd,164500.0
Attchd,164000.0
Detchd,164000.0
Basment,164000.0
Attchd,163990.0
Attchd,163900.0
Detchd,163500.0
Attchd,163500.0
Attchd,163000.0
Detchd,163000.0
Attchd,163000.0
Detchd,163000.0
Detchd,162900.0
Attchd,162900.0
Attchd,162500.0
Detchd,162000.0
Attchd,162000.0
Attchd,162000.0
Attchd,162000.0
Attchd,161750.0
Attchd,161500.0
Attchd,161500.0
Detchd,161000.0
Detchd,161000.0
Attchd,160200.0
Attchd,160000.0
Attchd,160000.0
Attchd,160000.0
Attchd,160000.0
Detchd,160000.0
Attchd,160000.0
NA,160000.0
Attchd,160000.0
Detchd,160000.0
Attchd,160000.0
Detchd,160000.0
Attchd,160000.0
Attchd,159950.0
Attchd,159895.0
Detchd,159500.0
Attchd,159500.0
BuiltIn,159500.0
Detchd,159434.0
Detchd,159000.0
Attchd,159000.0
Attchd,159000.0
Detchd,159000.0
Attchd,158900.0
Attchd,158500.0
Detchd,158000.0
Attchd,158000.0
Attchd,158000.0
Attchd,158000.0
Attchd,158000.0
Attchd,158000.0
Attchd,157900.0
Attchd,157900.0
Attchd,157500.0
Detchd,157500.0
Attchd,157000.0
Attchd,157000.0
Attchd,157000.0
Attchd,157000.0
Attchd,157000.0
Detchd,157000.0
BuiltIn,156932.0
Attchd,156500.0
Attchd,156000.0
Attchd,156000.0
Attchd,156000.0
Detchd,156000.0
Attchd,155900.0
Attchd,155835.0
Attchd,155000.0
Attchd,155000.0
Attchd,155000.0
Detchd,155000.0
Attchd,155000.0
Detchd,155000.0
Attchd,155000.0
Attchd,155000.0
Attchd,155000.0
Detchd,155000.0
Detchd,155000.0
Attchd,155000.0
Attchd,155000.0
Detchd,155000.0
Detchd,154900.0
Attchd,154500.0
Detchd,154300.0
Attchd,154000.0
BuiltIn,154000.0
Attchd,154000.0
Attchd,154000.0
Attchd,154000.0
Attchd,153900.0
Detchd,153900.0
Detchd,153575.0
Attchd,153500.0
Detchd,153500.0
Attchd,153500.0
Detchd,153337.0
Attchd,153000.0
Basment,153000.0
Detchd,153000.0
Detchd,152000.0
Attchd,152000.0
Detchd,152000.0
Attchd,152000.0
Attchd,152000.0
Attchd,152000.0
Attchd,151500.0
Attchd,151400.0
Attchd,151000.0
Attchd,151000.0
Detchd,151000.0
Detchd,151000.0
Attchd,151000.0
Attchd,150900.0
Detchd,150750.0
Detchd,150500.0
2Types,150000.0
Attchd,150000.0
Attchd,150000.0
NA,150000.0
Attchd,149900.0
Attchd,149900.0
Attchd,149900.0
Attchd,149900.0
Attchd,149700.0
Attchd,149500.0
Attchd,149500.0
Attchd,149350.0
Attchd,149300.0
Attchd,149000.0
Attchd,149000.0
Attchd,149000.0
Detchd,149000.0
Detchd,148800.0
Attchd,148500.0
Attchd,148500.0
Detchd,148500.0
Attchd,148000.0
Attchd,148000.0
Detchd,148000.0
Basment,148000.0
Attchd,148000.0
Detchd,148000.0
Attchd,148000.0
Attchd,147500.0
Detchd,147400.0
Detchd,147000.0
Attchd,147000.0
Attchd,147000.0
NA,147000.0
Detchd,147000.0
Attchd,147000.0
Detchd,147000.0
Attchd,147000.0
Attchd,147000.0
Attchd,146800.0
Attchd,146500.0
Detchd,146000.0
Detchd,146000.0
Attchd,146000.0
NA,145900.0
Attchd,145500.0
Attchd,145250.0
Attchd,145000.0
Attchd,145000.0
Attchd,145000.0
Detchd,145000.0
Attchd,145000.0
Detchd,145000.0
Attchd,145000.0
2Types,145000.0
Attchd,145000.0
Detchd,145000.0
Attchd,145000.0
Attchd,145000.0
Attchd,145000.0
Basment,145000.0
Attchd,144900.0
Attchd,144500.0
Basment,144500.0
Detchd,144152.0
Detchd,144000.0
Attchd,144000.0
Detchd,144000.0
Detchd,144000.0
Attchd,144000.0
Detchd,144000.0
Detchd,144000.0
Attchd,144000.0
Attchd,144000.0
Detchd,144000.0
Attchd,143900.0
Attchd,143750.0
Attchd,143500.0
Detchd,143500.0
Detchd,143250.0
Attchd,143000.0
Attchd,143000.0
Attchd,143000.0
Attchd,143000.0
Attchd,143000.0
Attchd,143000.0
Attchd,143000.0
Detchd,143000.0
Attchd,143000.0
Attchd,143000.0
Detchd,142953.0
Detchd,142600.0
Detchd,142500.0
Attchd,142500.0
Detchd,142500.0
Attchd,142125.0
Attchd,142000.0
Detchd,142000.0
Attchd,142000.0
Detchd,142000.0
Detchd,141500.0
Attchd,141000.0
NA,141000.0
Attchd,141000.0
Detchd,141000.0
Attchd,141000.0
Detchd,141000.0
Attchd,141000.0
NA,141000.0
Detchd,140200.0
Detchd,140000.0
Detchd,140000.0
Attchd,140000.0
Attchd,140000.0
Attchd,140000.0
Detchd,140000.0
Attchd,140000.0
Attchd,140000.0
Attchd,140000.0
Attchd,140000.0
Detchd,140000.0
Detchd,140000.0
Attchd,140000.0
Attchd,140000.0
BuiltIn,140000.0
Detchd,140000.0
Detchd,140000.0
Basment,140000.0
Attchd,140000.0
Attchd,140000.0
Attchd,139950.0
Attchd,139900.0
Attchd,139600.0
Detchd,139500.0
Attchd,139400.0
Attchd,139400.0
Attchd,139000.0
Attchd,139000.0
Attchd,139000.0
Attchd,139000.0
Attchd,139000.0
BuiltIn,139000.0
Detchd,139000.0
Detchd,139000.0
Detchd,139000.0
Detchd,139000.0
NA,139000.0
Detchd,138887.0
Attchd,138800.0
Detchd,138500.0
Attchd,138500.0
Detchd,138000.0
Detchd,138000.0
Attchd,138000.0
Detchd,137900.0
Attchd,137500.0
Detchd,137500.0
Detchd,137500.0
Basment,137500.0
Detchd,137500.0
Detchd,137500.0
Detchd,137450.0
Detchd,137000.0
Detchd,137000.0
Attchd,137000.0
Attchd,137000.0
Detchd,137000.0
Detchd,136905.0
Attchd,136900.0
NA,136500.0
Attchd,136500.0
Attchd,136500.0
Detchd,136500.0
Attchd,136500.0
Attchd,136000.0
Detchd,136000.0
NA,136000.0
Detchd,135960.0
NA,135900.0
Detchd,135750.0
Attchd,135500.0
Attchd,135500.0
Detchd,135000.0
Detchd,135000.0
Detchd,135000.0
Attchd,135000.0
Detchd,135000.0
Detchd,135000.0
Attchd,135000.0
Attchd,135000.0
Attchd,135000.0
Attchd,135000.0
NA,135000.0
Attchd,135000.0
Detchd,135000.0
Attchd,135000.0
Attchd,135000.0
Detchd,135000.0
Detchd,135000.0
Detchd,134900.0
Detchd,134900.0
Detchd,134800.0
Attchd,134500.0
Attchd,134500.0
Attchd,134450.0
Detchd,134432.0
Attchd,134000.0
Attchd,134000.0
Attchd,134000.0
Detchd,133900.0
Detchd,133900.0
Attchd,133700.0
Attchd,133500.0
Attchd,133000.0
Attchd,133000.0
Detchd,133000.0
Attchd,133000.0
Attchd,133000.0
Detchd,133000.0
Detchd,132500.0
Detchd,132500.0
Attchd,132500.0
Attchd,132500.0
Detchd,132500.0
Detchd,132500.0
Attchd,132250.0
Detchd,132000.0
Detchd,132000.0
Attchd,132000.0
Attchd,132000.0
Detchd,132000.0
Detchd,132000.0
Attchd,131500.0
Attchd,131500.0
Attchd,131500.0
Attchd,131400.0
Attchd,131000.0
Attchd,131000.0
Detchd,131000.0
Attchd,130500.0
Detchd,130500.0
Attchd,130500.0
Detchd,130250.0
Detchd,130000.0
Detchd,130000.0
Detchd,130000.0
Detchd,130000.0
BuiltIn,130000.0
Attchd,130000.0
Detchd,130000.0
Attchd,130000.0
NA,130000.0
Attchd,130000.0
Detchd,130000.0
Detchd,129900.0
Attchd,129900.0
Detchd,129900.0
Detchd,129900.0
Detchd,129500.0
Detchd,129500.0
Detchd,129500.0
Detchd,129500.0
Attchd,129000.0
CarPort,129000.0
Detchd,129000.0
Attchd,129000.0
Detchd,129000.0
Attchd,129000.0
Attchd,129000.0
Detchd,129000.0
NA,128950.0
Attchd,128900.0
Detchd,128500.0
Detchd,128500.0
Attchd,128500.0
Attchd,128500.0
Attchd,128200.0
Attchd,128000.0
Detchd,128000.0
Detchd,128000.0
NA,128000.0
Attchd,128000.0
Attchd,128000.0
Detchd,128000.0
NA,127500.0
Attchd,127500.0
Detchd,127500.0
NA,127500.0
Detchd,127500.0
Attchd,127500.0
Attchd,127000.0
Detchd,127000.0
Attchd,127000.0
Detchd,127000.0
Detchd,127000.0
Detchd,127000.0
NA,127000.0
Basment,127000.0
Attchd,127000.0
Detchd,126500.0
Attchd,126175.0
Detchd,126000.0
Attchd,126000.0
Attchd,126000.0
Attchd,125500.0
Detchd,125500.0
Detchd,125500.0
Detchd,125500.0
Detchd,125000.0
Detchd,125000.0
Detchd,125000.0
Attchd,125000.0
Detchd,125000.0
Detchd,125000.0
Detchd,125000.0
Detchd,125000.0
Detchd,125000.0
Attchd,125000.0
Detchd,124900.0
Detchd,124900.0
Attchd,124500.0
Detchd,124500.0
Attchd,124500.0
Detchd,124500.0
NA,124000.0
Detchd,124000.0
Attchd,124000.0
Attchd,124000.0
Detchd,124000.0
Detchd,124000.0
NA,123600.0
Detchd,123500.0
Attchd,123000.0
Detchd,123000.0
Detchd,123000.0
Attchd,123000.0
Detchd,122900.0
Detchd,122500.0
Detchd,122500.0
Attchd,122000.0
Detchd,122000.0
Detchd,122000.0
NA,122000.0
Detchd,121600.0
Detchd,121500.0
Detchd,121000.0
Detchd,120500.0
Detchd,120500.0
Detchd,120500.0
Detchd,120500.0
Attchd,120000.0
Attchd,120000.0
Detchd,120000.0
Attchd,120000.0
Attchd,120000.0
Detchd,120000.0
BuiltIn,120000.0
Detchd,119900.0
Detchd,119900.0
Basment,119750.0
Detchd,119500.0
Detchd,119500.0
Attchd,119500.0
Detchd,119500.0
Detchd,119200.0
Detchd,119000.0
Detchd,119000.0
Detchd,119000.0
Attchd,119000.0
Attchd,119000.0
Detchd,119000.0
Attchd,119000.0
Attchd,118964.0
Attchd,118858.0
Detchd,118500.0
NA,118500.0
Attchd,118500.0
Detchd,118500.0
Detchd,118400.0
Attchd,118000.0
Detchd,118000.0
NA,118000.0
Attchd,118000.0
Detchd,118000.0
NA,118000.0
Detchd,117500.0
Detchd,117500.0
Attchd,117000.0
Detchd,117000.0
Detchd,117000.0
Detchd,117000.0
Detchd,116900.0
NA,116500.0
Attchd,116050.0
Detchd,116000.0
Detchd,116000.0
Attchd,116000.0
Detchd,115000.0
NA,115000.0
NA,115000.0
Detchd,115000.0
Detchd,115000.0
Detchd,115000.0
BuiltIn,115000.0
Attchd,115000.0
Detchd,115000.0
Detchd,115000.0
Attchd,115000.0
Detchd,115000.0
Detchd,114504.0
Detchd,114500.0
Attchd,114500.0
NA,113000.0
Detchd,113000.0
Attchd,113000.0
Detchd,113000.0
Detchd,113000.0
Attchd,113000.0
Attchd,112500.0
Detchd,112500.0
Attchd,112000.0
Detchd,112000.0
Basment,112000.0
Attchd,112000.0
Attchd,112000.0
NA,112000.0
Detchd,112000.0
Detchd,111250.0
Attchd,111000.0
NA,110500.0
Detchd,110500.0
CarPort,110000.0
Detchd,110000.0
Detchd,110000.0
Detchd,110000.0
Detchd,110000.0
Detchd,110000.0
Detchd,110000.0
Attchd,110000.0
Detchd,110000.0
Attchd,110000.0
Detchd,110000.0
Detchd,110000.0
Attchd,110000.0
Detchd,109900.0
Attchd,109900.0
Detchd,109900.0
Detchd,109500.0
Detchd,109500.0
NA,109500.0
Detchd,109500.0
Detchd,109008.0
Detchd,109000.0
Detchd,109000.0
CarPort,108959.0
Detchd,108500.0
Detchd,108480.0
Detchd,108000.0
Detchd,108000.0
CarPort,108000.0
NA,108000.0
Detchd,108000.0
Attchd,108000.0
Detchd,107900.0
Detchd,107500.0
NA,107500.0
Attchd,107500.0
Detchd,107400.0
Detchd,107000.0
Detchd,107000.0
Detchd,107000.0
Attchd,106500.0
Detchd,106500.0
NA,106250.0
Detchd,106000.0
Detchd,106000.0
Detchd,106000.0
Detchd,105900.0
Detchd,105500.0
Detchd,105000.0
Attchd,105000.0
Detchd,105000.0
Detchd,105000.0
Detchd,105000.0
Attchd,104900.0
Attchd,104900.0
NA,104000.0
Detchd,103600.0
NA,103200.0
Detchd,103000.0
Detchd,102776.0
Detchd,102000.0
NA,102000.0
Detchd,102000.0
CarPort,101800.0
Detchd,101000.0
Detchd,100000.0
Detchd,100000.0
Detchd,100000.0
NA,100000.0
Detchd,100000.0
Detchd,100000.0
Attchd,100000.0
NA,100000.0
Detchd,100000.0
NA,99900.0
Attchd,99500.0
Attchd,98600.0
Detchd,98300.0
NA,98000.0
Detchd,98000.0
Detchd,98000.0
Attchd,97500.0
Detchd,97000.0
Detchd,97000.0
NA,97000.0
Detchd,96500.0
NA,96500.0
Detchd,95000.0
CarPort,95000.0
Attchd,94750.0
Attchd,94500.0
NA,94000.0
Detchd,93500.0
NA,93500.0
BuiltIn,93000.0
Detchd,93000.0
NA,93000.0
Detchd,92900.0
NA,92000.0
Detchd,91500.0
NA,91500.0
Attchd,91300.0
BuiltIn,91000.0
Detchd,91000.0
Detchd,91000.0
Detchd,90350.0
CarPort,90000.0
Detchd,90000.0
Detchd,90000.0
Detchd,89500.0
NA,89500.0
Detchd,89471.0
Detchd,89000.0
NA,88000.0
Detchd,88000.0
Detchd,88000.0
Attchd,88000.0
Detchd,87500.0
NA,87000.0
Detchd,87000.0
2Types,87000.0
Detchd,87000.0
Attchd,86000.0
NA,86000.0
Detchd,86000.0
NA,85500.0
Detchd,85400.0
NA,85000.0
Attchd,85000.0
NA,85000.0
Detchd,85000.0
Detchd,84900.0
NA,84500.0
NA,84500.0
NA,84500.0
Detchd,84000.0
Attchd,83500.0
Basment,83000.0
Detchd,83000.0
Detchd,82500.0
Attchd,82500.0
NA,82500.0
NA,82000.0
CarPort,82000.0
Detchd,82000.0
NA,81000.0
NA,81000.0
Detchd,81000.0
NA,80500.0
Attchd,80000.0
Attchd,80000.0
NA,80000.0
Detchd,80000.0
NA,79900.0
Detchd,79900.0
Detchd,79500.0
NA,79000.0
Attchd,79000.0
NA,79000.0
Detchd,78000.0
NA,76500.0
Detchd,76000.0
NA,75500.0
Attchd,75000.0
Detchd,73000.0
Detchd,72500.0
Detchd,68500.0
Detchd,68400.0
Detchd,67000.0
NA,67000.0
Detchd,66500.0
Detchd,64500.0
Detchd,62383.0
NA,61000.0
Attchd,60000.0
NA,60000.0
Detchd,60000.0
Detchd,58500.0
Basment,55993.0
NA,55000.0
NA,55000.0
NA,52500.0
NA,52000.0
Detchd,40000.0
NA,39300.0
NA,37900.0
Detchd,35311.0
NA,34900.0
