Neighborhood,SalePrice
NoRidge,755000.0
NoRidge,745000.0
NoRidge,625000.0
NridgHt,611657.0
NridgHt,582933.0
StoneBr,556581.0
NridgHt,555000.0
StoneBr,538000.0
StoneBr,501837.0
NridgHt,485000.0
OldTown,475000.0
NoRidge,466500.0
NridgHt,465000.0
NridgHt,451950.0
NridgHt,446261.0
NridgHt,440000.0
StoneBr,438780.0
NridgHt,437154.0
NoRidge,430000.0
NridgHt,426000.0
CollgCr,424870.0
Somerst,423000.0
NridgHt,415298.0
NridgHt,412500.0
NoRidge,410000.0
NoRidge,403000.0
NridgHt,402861.0
NoRidge,402000.0
NridgHt,395192.0
NridgHt,395000.0
NridgHt,394617.0
StoneBr,394432.0
Crawfor,392500.0
StoneBr,392000.0
NridgHt,386250.0
Veenker,385000.0
NridgHt,385000.0
CollgCr,383970.0
Crawfor,381000.0
NridgHt,380000.0
Timber,378500.0
Gilbert,377500.0
StoneBr,377426.0
Timber,375000.0
NridgHt,374000.0
StoneBr,372500.0
NridgHt,372402.0
Somerst,370878.0
Timber,369900.0
NridgHt,367294.0
StoneBr,361919.0
NridgHt,360000.0
Crawfor,359100.0
NridgHt,354000.0
NoRidge,350000.0
NridgHt,350000.0
NoRidge,348000.0
NridgHt,345000.0
NAmes,345000.0
NridgHt,342643.0
NoRidge,341000.0
Somerst,340000.0
NoRidge,340000.0
Somerst,339750.0
NridgHt,337500.0
NoRidge,337000.0
NoRidge,336000.0
Timber,335000.0
NridgHt,335000.0
Crawfor,335000.0
NoRidge,333168.0
Somerst,328900.0
ClearCr,328000.0
NridgHt,326000.0
NridgHt,325624.0
NridgHt,325300.0
StoneBr,325000.0
OldTown,325000.0
NoRidge,325000.0
NridgHt,325000.0
Veenker,324000.0
SawyerW,320000.0
Gilbert,320000.0
Edwards,320000.0
Somerst,320000.0
NridgHt,319900.0
StoneBr,319000.0
NridgHt,318061.0
NridgHt,318000.0
NridgHt,318000.0
NridgHt,317000.0
SawyerW,316600.0
NoRidge,315750.0
Timber,315500.0
Crawfor,315000.0
NoRidge,315000.0
Timber,315000.0
NridgHt,315000.0
NridgHt,314813.0
CollgCr,313000.0
Timber,312500.0
Somerst,311872.0
Crawfor,311500.0
NoRidge,310000.0
Somerst,310000.0
NridgHt,309000.0
Somerst,307000.0
NridgHt,306000.0
CollgCr,305900.0
Timber,305000.0
Somerst,303477.0
ClearCr,302000.0
NoRidge,302000.0
NoRidge,301500.0
SawyerW,301000.0
NWAmes,299800.0
CollgCr,297000.0
CollgCr,295493.0
OldTown,295000.0
Veenker,294000.0
Timber,293077.0
NoRidge,290000.0
NoRidge,290000.0
NoRidge,290000.0
Somerst,290000.0
NoRidge,290000.0
Crawfor,289000.0
Somerst,287090.0
Timber,287000.0
CollgCr,287000.0
StoneBr,286000.0
CollgCr,285000.0
NridgHt,285000.0
NoRidge,285000.0
NridgHt,284000.0
NridgHt,284000.0
Timber,283463.0
Somerst,282922.0
Timber,281213.0
NridgHt,281000.0
NoRidge,280000.0
NridgHt,280000.0
ClearCr,280000.0
NridgHt,280000.0
CollgCr,279500.0
NWAmes,278000.0
StoneBr,278000.0
NridgHt,277500.0
SawyerW,277000.0
ClearCr,277000.0
CollgCr,276000.0
NridgHt,275500.0
SawyerW,275000.0
NridgHt,275000.0
StoneBr,275000.0
CollgCr,275000.0
Crawfor,275000.0
Edwards,274970.0
NridgHt,274900.0
Gilbert,274725.0
CollgCr,274300.0
NridgHt,274000.0
CollgCr,272000.0
NWAmes,272000.0
SawyerW,271900.0
Mitchel,271000.0
NoRidge,271000.0
Somerst,270000.0
Veenker,270000.0
Timber,270000.0
NoRidge,269790.0
Timber,269500.0
NoRidge,268000.0
NAmes,268000.0
CollgCr,267000.0
Crawfor,266500.0
Somerst,266000.0
NridgHt,266000.0
OldTown,265979.0
Timber,265900.0
NoRidge,265000.0
Blmngtn,264561.0
Somerst,264132.0
Somerst,263435.0
Somerst,263000.0
Somerst,262500.0
NWAmes,262500.0
SawyerW,262280.0
NoRidge,262000.0
CollgCr,261500.0
NoRidge,260400.0
NoRidge,260000.0
CollgCr,260000.0
NWAmes,260000.0
NoRidge,260000.0
ClearCr,260000.0
StoneBr,260000.0
Crawfor,259500.0
Gilbert,259000.0
NoRidge,258000.0
Crawfor,257500.0
SawyerW,257000.0
NridgHt,256300.0
ClearCr,256000.0
OldTown,256000.0
CollgCr,255900.0
NridgHt,255500.0
Somerst,255000.0
CollgCr,255000.0
Somerst,254900.0
NridgHt,254000.0
NridgHt,253293.0
Somerst,253000.0
Somerst,252678.0
Somerst,252000.0
StoneBr,251000.0
Somerst,250580.0
NoRidge,250000.0
Somerst,250000.0
NridgHt,250000.0
NWAmes,250000.0
Crawfor,250000.0
Timber,250000.0
Somerst,250000.0
NWAmes,250000.0
Somerst,249700.0
Timber,248900.0
Somerst,248328.0
NoRidge,248000.0
NoRidge,248000.0
Blmngtn,246578.0
Veenker,245500.0
CollgCr,245350.0
Somerst,245000.0
Somerst,244600.0
ClearCr,244400.0
NAmes,244000.0
Gilbert,244000.0
NAmes,244000.0
Edwards,243000.0
NAmes,242000.0
NAmes,242000.0
NWAmes,241500.0
ClearCr,241500.0
Somerst,241000.0
ClearCr,240000.0
NWAmes,240000.0
ClearCr,240000.0
Gilbert,240000.0
Mitchel,240000.0
CollgCr,240000.0
Gilbert,239900.0
CollgCr,239799.0
Mitchel,239686.0
SawyerW,239500.0
StoneBr,239000.0
Somerst,239000.0
Crawfor,239000.0
CollgCr,239000.0
Crawfor,239000.0
Timber,239000.0
SawyerW,238000.0
NAmes,237500.0
CollgCr,237000.0
CollgCr,237000.0
StoneBr,236500.0
CollgCr,236500.0
Gilbert,236000.0
SawyerW,236000.0
Somerst,235128.0
ClearCr,235000.0
NAmes,235000.0
Crawfor,235000.0
NWAmes,235000.0
Edwards,235000.0
CollgCr,235000.0
CollgCr,235000.0
Crawfor,234000.0
Blmngtn,234000.0
CollgCr,233230.0
NridgHt,233170.0
SawyerW,233000.0
Somerst,232600.0
Somerst,232000.0
Somerst,232000.0
CollgCr,232000.0
CollgCr,231500.0
CollgCr,231500.0
Gilbert,230500.0
CollgCr,230000.0
CollgCr,230000.0
Gilbert,230000.0
CollgCr,230000.0
Crawfor,230000.0
NridgHt,230000.0
Crawfor,230000.0
CollgCr,230000.0
Somerst,229456.0
NWAmes,229000.0
Timber,228950.0
SawyerW,228500.0
CollgCr,228500.0
Timber,228000.0
SawyerW,228000.0
Somerst,227875.0
Somerst,227680.0
NWAmes,227000.0
CollgCr,227000.0
Somerst,227000.0
Somerst,226700.0
CollgCr,226000.0
NAmes,226000.0
Somerst,226000.0
ClearCr,225000.0
SawyerW,225000.0
Edwards,225000.0
Somerst,225000.0
Gilbert,225000.0
Gilbert,225000.0
CollgCr,224900.0
CollgCr,224900.0
Timber,224500.0
NridgHt,224000.0
Crawfor,224000.0
CollgCr,223500.0
BrkSide,223500.0
Crawfor,223000.0
Gilbert,222500.0
CollgCr,222500.0
Somerst,222000.0
Crawfor,222000.0
Gilbert,222000.0
CollgCr,221500.0
CollgCr,221000.0
NoRidge,221000.0
Timber,220000.0
NridgHt,220000.0
CollgCr,220000.0
SawyerW,220000.0
Crawfor,220000.0
CollgCr,219500.0
CollgCr,219500.0
Crawfor,219500.0
Gilbert,219210.0
Veenker,218000.0
Crawfor,217500.0
Crawfor,217000.0
CollgCr,217000.0
CollgCr,216837.0
Gilbert,216500.0
Somerst,216000.0
Somerst,215200.0
NAmes,215000.0
Mitchel,215000.0
NWAmes,215000.0
SawyerW,215000.0
Blmngtn,215000.0
Gilbert,215000.0
SawyerW,215000.0
NWAmes,215000.0
Timber,214900.0
BrkSide,214500.0
CollgCr,214000.0
CollgCr,214000.0
NridgHt,214000.0
Gilbert,214000.0
Somerst,214000.0
CollgCr,213500.0
StoneBr,213500.0
Blmngtn,213490.0
NWAmes,213250.0
CollgCr,213000.0
SawyerW,213000.0
CollgCr,213000.0
CollgCr,212900.0
CollgCr,212000.0
StoneBr,212000.0
CollgCr,212000.0
ClearCr,211000.0
CollgCr,211000.0
CollgCr,210000.0
CollgCr,210000.0
Somerst,210000.0
BrkSide,210000.0
NWAmes,210000.0
NridgHt,209500.0
CollgCr,208900.0
Somerst,208900.0
CollgCr,208500.0
Somerst,208300.0
NAmes,207500.0
Somerst,207500.0
NridgHt,207500.0
StoneBr,207500.0
NWAmes,207500.0
NridgHt,207000.0
BrkSide,207000.0
NAmes,206900.0
Mitchel,206300.0
CollgCr,206000.0
Somerst,205950.0
NWAmes,205000.0
SawyerW,205000.0
BrkSide,205000.0
CollgCr,205000.0
NAmes,205000.0
NWAmes,205000.0
CollgCr,204900.0
CollgCr,204750.0
CollgCr,204000.0
Timber,204000.0
CollgCr,203000.0
CollgCr,203000.0
Timber,202900.0
NridgHt,202665.0
NridgHt,202500.0
NWAmes,202500.0
NridgHt,202500.0
NAmes,201800.0
Mitchel,201000.0
SawyerW,201000.0
Timber,201000.0
Crawfor,200624.0
CollgCr,200500.0
ClearCr,200500.0
CollgCr,200141.0
Crawfor,200100.0
NWAmes,200000.0
OldTown,200000.0
Gilbert,200000.0
SWISU,200000.0
ClearCr,200000.0
CollgCr,200000.0
CollgCr,200000.0
NAmes,200000.0
Gilbert,199900.0
Somerst,199900.0
CollgCr,198900.0
Edwards,198500.0
NWAmes,197900.0
CollgCr,197900.0
NWAmes,197900.0
NWAmes,197500.0
NWAmes,197500.0
Somerst,197000.0
SWISU,197000.0
Somerst,197000.0
NWAmes,197000.0
CollgCr,196500.0
NWAmes,196500.0
Somerst,196000.0
NridgHt,196000.0
Mitchel,196000.0
CollgCr,195400.0
NWAmes,195000.0
CollgCr,195000.0
CollgCr,195000.0
NridgHt,194700.0
SawyerW,194500.0
CollgCr,194500.0
Gilbert,194500.0
Blmngtn,194201.0
CollgCr,194000.0
CollgCr,194000.0
Veenker,194000.0
CollgCr,193879.0
NAmes,193500.0
SawyerW,193500.0
SawyerW,193000.0
CollgCr,193000.0
Gilbert,193000.0
Blmngtn,192500.0
CollgCr,192500.0
Gilbert,192140.0
CollgCr,192000.0
ClearCr,192000.0
Gilbert,192000.0
Blmngtn,192000.0
CollgCr,192000.0
CollgCr,191000.0
CollgCr,191000.0
Blmngtn,191000.0
Crawfor,191000.0
NWAmes,190000.0
NWAmes,190000.0
ClearCr,190000.0
ClearCr,190000.0
NWAmes,190000.0
NAmes,190000.0
NWAmes,190000.0
CollgCr,190000.0
CollgCr,190000.0
Sawyer,190000.0
Gilbert,190000.0
ClearCr,190000.0
NoRidge,190000.0
Crawfor,189950.0
StoneBr,189000.0
CollgCr,189000.0
SawyerW,189000.0
Gilbert,189000.0
SawyerW,189000.0
SWISU,189000.0
Crawfor,188700.0
Gilbert,188500.0
Mitchel,188000.0
CollgCr,188000.0
Gilbert,188000.0
Somerst,187750.0
NWAmes,187500.0
Timber,187500.0
ClearCr,187500.0
Timber,187500.0
StoneBr,187500.0
Gilbert,187500.0
CollgCr,187100.0
SawyerW,187000.0
Veenker,187000.0
NAmes,187000.0
Timber,186700.0
Somerst,186500.0
Gilbert,186500.0
Edwards,186000.0
CollgCr,185900.0
NridgHt,185850.0
NWAmes,185750.0
CollgCr,185500.0
Gilbert,185000.0
Gilbert,185000.0
Gilbert,185000.0
Somerst,185000.0
Edwards,185000.0
ClearCr,185000.0
CollgCr,185000.0
NWAmes,185000.0
NWAmes,185000.0
Somerst,185000.0
SawyerW,184900.0
Edwards,184750.0
Gilbert,184100.0
Timber,184000.0
NAmes,184000.0
BrkSide,184000.0
Gilbert,184000.0
Somerst,183900.0
Gilbert,183500.0
Gilbert,183200.0
CollgCr,183000.0
NWAmes,182900.0
Somerst,182000.0
NAmes,181900.0
Veenker,181500.0
Gilbert,181134.0
NWAmes,181000.0
Gilbert,181000.0
NWAmes,181000.0
Blmngtn,181000.0
Gilbert,181000.0
Gilbert,181000.0
NAmes,181000.0
NAmes,180500.0
Gilbert,180500.0
BrkSide,180500.0
NAmes,180500.0
NAmes,180000.0
Gilbert,180000.0
ClearCr,180000.0
Sawyer,180000.0
CollgCr,180000.0
StoneBr,180000.0
Gilbert,180000.0
NWAmes,180000.0
SawyerW,180000.0
Timber,180000.0
CollgCr,179900.0
NWAmes,179900.0
SawyerW,179900.0
NAmes,179900.0
NWAmes,179900.0
Gilbert,179665.0
CollgCr,179600.0
Gilbert,179540.0
SWISU,179500.0
Somerst,179400.0
SawyerW,179200.0
SawyerW,179200.0
Gilbert,179000.0
Edwards,179000.0
SawyerW,179000.0
Gilbert,178900.0
Blmngtn,178740.0
NAmes,178400.0
SawyerW,178000.0
OldTown,178000.0
Gilbert,178000.0
Gilbert,178000.0
Gilbert,178000.0
CollgCr,178000.0
NWAmes,178000.0
CollgCr,177500.0
Crawfor,177500.0
Somerst,177500.0
Gilbert,177000.0
Somerst,177000.0
Crawfor,177000.0
Edwards,177000.0
Crawfor,177000.0
NAmes,176500.0
Gilbert,176500.0
Gilbert,176485.0
CollgCr,176432.0
Somerst,176000.0
NAmes,176000.0
Somerst,176000.0
Timber,176000.0
Gilbert,176000.0
NWAmes,176000.0
Edwards,176000.0
Gilbert,176000.0
SawyerW,175900.0
Blmngtn,175900.0
NWAmes,175500.0
NWAmes,175500.0
NridgHt,175500.0
NWAmes,175000.0
Timber,175000.0
NWAmes,175000.0
Timber,175000.0
Gilbert,175000.0
Sawyer,175000.0
SWISU,175000.0
NWAmes,175000.0
Gilbert,175000.0
NAmes,174900.0
Crawfor,174500.0
Gilbert,174000.0
NWAmes,174000.0
Gilbert,174000.0
Gilbert,174000.0
Blmngtn,174000.0
Somerst,174000.0
NAmes,174000.0
CollgCr,173900.0
Somerst,173733.0
CollgCr,173500.0
Mitchel,173000.0
SawyerW,173000.0
Gilbert,173000.0
ClearCr,173000.0
NridgHt,173000.0
NWAmes,173000.0
Gilbert,173000.0
Gilbert,172785.0
Somerst,172500.0
Sawyer,172500.0
Blmngtn,172500.0
Somerst,172500.0
Sawyer,172500.0
Gilbert,172400.0
Mitchel,172000.0
Somerst,171900.0
NridgHt,171750.0
Mitchel,171500.0
Mitchel,171000.0
SawyerW,171000.0
Sawyer,171000.0
Mitchel,171000.0
NAmes,171000.0
Timber,170000.0
Mitchel,170000.0
Gilbert,170000.0
Sawyer,170000.0
OldTown,170000.0
StoneBr,170000.0
NWAmes,170000.0
NWAmes,170000.0
Gilbert,169990.0
Mitchel,169900.0
IDOTRR,169500.0
NAmes,169500.0
Gilbert,169000.0
Gilbert,169000.0
SWISU,169000.0
Gilbert,168500.0
Somerst,168500.0
NAmes,168500.0
Gilbert,168000.0
Sawyer,168000.0
OldTown,168000.0
Mitchel,168000.0
NAmes,167900.0
NWAmes,167900.0
BrkSide,167500.0
NAmes,167500.0
Timber,167500.0
Blmngtn,167240.0
NAmes,167000.0
NAmes,167000.0
Edwards,167000.0
NAmes,167000.0
NAmes,166000.0
NAmes,166000.0
Gilbert,165600.0
NAmes,165500.0
Mitchel,165500.0
NAmes,165500.0
Edwards,165400.0
NWAmes,165150.0
NAmes,165000.0
Veenker,165000.0
NWAmes,165000.0
Sawyer,165000.0
Somerst,165000.0
Crawfor,165000.0
NAmes,165000.0
Mitchel,165000.0
CollgCr,164990.0
NAmes,164900.0
Somerst,164700.0
Somerst,164500.0
Sawyer,164500.0
Mitchel,164000.0
Crawfor,164000.0
Gilbert,164000.0
CollgCr,163990.0
Gilbert,163900.0
Crawfor,163500.0
NAmes,163500.0
NAmes,163000.0
OldTown,163000.0
NAmes,163000.0
OldTown,163000.0
BrkSide,162900.0
NWAmes,162900.0
Veenker,162500.0
NAmes,162000.0
Gilbert,162000.0
Mitchel,162000.0
NWAmes,162000.0
CollgCr,161750.0
NWAmes,161500.0
ClearCr,161500.0
OldTown,161000.0
OldTown,161000.0
Blmngtn,160200.0
NAmes,160000.0
OldTown,160000.0
NAmes,160000.0
Mitchel,160000.0
Crawfor,160000.0
Gilbert,160000.0
SWISU,160000.0
NAmes,160000.0
Somerst,160000.0
Edwards,160000.0
Timber,160000.0
Mitchel,160000.0
NAmes,159950.0
Blmngtn,159895.0
OldTown,159500.0
Edwards,159500.0
NAmes,159500.0
SWISU,159434.0
SawyerW,159000.0
NAmes,159000.0
NAmes,159000.0
BrkSide,159000.0
Sawyer,158900.0
Crawfor,158500.0
SawyerW,158000.0
NAmes,158000.0
NWAmes,158000.0
Sawyer,158000.0
NAmes,158000.0
Sawyer,158000.0
NAmes,157900.0
Mitchel,157900.0
NAmes,157500.0
OldTown,157500.0
NAmes,157000.0
Crawfor,157000.0
NWAmes,157000.0
Edwards,157000.0
NWAmes,157000.0
OldTown,157000.0
Gilbert,156932.0
NAmes,156500.0
CollgCr,156000.0
Mitchel,156000.0
NAmes,156000.0
NAmes,156000.0
CollgCr,155900.0
CollgCr,155835.0
Edwards,155000.0
NAmes,155000.0
NAmes,155000.0
SWISU,155000.0
OldTown,155000.0
NAmes,155000.0
Edwards,155000.0
NAmes,155000.0
ClearCr,155000.0
Somerst,155000.0
NPkVill,155000.0
Sawyer,155000.0
NAmes,155000.0
SawyerW,155000.0
Crawfor,154900.0
Sawyer,154500.0
NAmes,154300.0
Sawyer,154000.0
NridgHt,154000.0
NAmes,154000.0
NWAmes,154000.0
NAmes,154000.0
SawyerW,153900.0
OldTown,153900.0
BrkSide,153575.0
Mitchel,153500.0
OldTown,153500.0
NWAmes,153500.0
SawyerW,153337.0
NAmes,153000.0
NAmes,153000.0
NAmes,153000.0
OldTown,152000.0
IDOTRR,152000.0
CollgCr,152000.0
NWAmes,152000.0
NWAmes,152000.0
SawyerW,152000.0
NAmes,151500.0
MeadowV,151400.0
Sawyer,151000.0
Blueste,151000.0
Somerst,151000.0
Somerst,151000.0
NAmes,151000.0
Mitchel,150900.0
NAmes,150750.0
CollgCr,150500.0
NAmes,150000.0
Sawyer,150000.0
NAmes,150000.0
Edwards,150000.0
CollgCr,149900.0
CollgCr,149900.0
Edwards,149900.0
NAmes,149900.0
OldTown,149700.0
Sawyer,149500.0
NAmes,149500.0
Sawyer,149350.0
CollgCr,149300.0
NAmes,149000.0
CollgCr,149000.0
Crawfor,149000.0
BrkSide,149000.0
Somerst,148800.0
NPkVill,148500.0
NPkVill,148500.0
NAmes,148500.0
NAmes,148000.0
Edwards,148000.0
CollgCr,148000.0
Edwards,148000.0
NWAmes,148000.0
Sawyer,148000.0
Sawyer,148000.0
Edwards,147500.0
Somerst,147400.0
IDOTRR,147000.0
NAmes,147000.0
NPkVill,147000.0
Mitchel,147000.0
CollgCr,147000.0
SawyerW,147000.0
NAmes,147000.0
OldTown,147000.0
Somerst,147000.0
Mitchel,146800.0
NAmes,146500.0
Somerst,146000.0
NAmes,146000.0
NPkVill,146000.0
Edwards,145900.0
NAmes,145500.0
NAmes,145250.0
CollgCr,145000.0
NAmes,145000.0
NAmes,145000.0
BrkSide,145000.0
Gilbert,145000.0
SWISU,145000.0
NAmes,145000.0
Crawfor,145000.0
Crawfor,145000.0
CollgCr,145000.0
NWAmes,145000.0
Sawyer,145000.0
NAmes,145000.0
Edwards,145000.0
NAmes,144900.0
CollgCr,144500.0
Edwards,144500.0
Somerst,144152.0
Sawyer,144000.0
SawyerW,144000.0
OldTown,144000.0
SawyerW,144000.0
CollgCr,144000.0
BrkSide,144000.0
OldTown,144000.0
NAmes,144000.0
CollgCr,144000.0
NAmes,144000.0
Sawyer,143900.0
NPkVill,143750.0
Sawyer,143500.0
CollgCr,143500.0
NAmes,143250.0
Mitchel,143000.0
NAmes,143000.0
ClearCr,143000.0
SawyerW,143000.0
CollgCr,143000.0
Mitchel,143000.0
NAmes,143000.0
OldTown,143000.0
NAmes,143000.0
NWAmes,143000.0
SawyerW,142953.0
NAmes,142600.0
Mitchel,142500.0
Sawyer,142500.0
SawyerW,142500.0
NAmes,142125.0
NAmes,142000.0
Sawyer,142000.0
NAmes,142000.0
NAmes,142000.0
BrkSide,141500.0
NAmes,141000.0
SawyerW,141000.0
NAmes,141000.0
Gilbert,141000.0
NAmes,141000.0
IDOTRR,141000.0
CollgCr,141000.0
NAmes,141000.0
BrkSide,140200.0
Crawfor,140000.0
OldTown,140000.0
Edwards,140000.0
NAmes,140000.0
SWISU,140000.0
Edwards,140000.0
NPkVill,140000.0
CollgCr,140000.0
NAmes,140000.0
NWAmes,140000.0
OldTown,140000.0
SWISU,140000.0
NAmes,140000.0
NAmes,140000.0
Sawyer,140000.0
OldTown,140000.0
NAmes,140000.0
Edwards,140000.0
NAmes,140000.0
NAmes,140000.0
NAmes,139950.0
NAmes,139900.0
Edwards,139600.0
SWISU,139500.0
IDOTRR,139400.0
NAmes,139400.0
NAmes,139000.0
Sawyer,139000.0
NAmes,139000.0
NAmes,139000.0
NAmes,139000.0
NAmes,139000.0
OldTown,139000.0
Sawyer,139000.0
NAmes,139000.0
Crawfor,139000.0
Mitchel,139000.0
Crawfor,138887.0
NAmes,138800.0
Sawyer,138500.0
NAmes,138500.0
Mitchel,138000.0
CollgCr,138000.0
NAmes,138000.0
NAmes,137900.0
NAmes,137500.0
Edwards,137500.0
Crawfor,137500.0
Timber,137500.0
Edwards,137500.0
BrkSide,137500.0
SWISU,137450.0
OldTown,137000.0
Sawyer,137000.0
NAmes,137000.0
Sawyer,137000.0
NAmes,137000.0
NWAmes,136905.0
Edwards,136900.0
Sawyer,136500.0
CollgCr,136500.0
NAmes,136500.0
SWISU,136500.0
CollgCr,136500.0
NAmes,136000.0
OldTown,136000.0
NAmes,136000.0
NAmes,135960.0
SWISU,135900.0
NAmes,135750.0
NAmes,135500.0
Edwards,135500.0
OldTown,135000.0
OldTown,135000.0
Sawyer,135000.0
NAmes,135000.0
IDOTRR,135000.0
Edwards,135000.0
Mitchel,135000.0
Sawyer,135000.0
Edwards,135000.0
NAmes,135000.0
NAmes,135000.0
Sawyer,135000.0
NAmes,135000.0
NAmes,135000.0
NAmes,135000.0
SWISU,135000.0
NWAmes,135000.0
Sawyer,134900.0
BrkSide,134900.0
NAmes,134800.0
NAmes,134500.0
NAmes,134500.0
NAmes,134450.0
ClearCr,134432.0
MeadowV,134000.0
Mitchel,134000.0
Sawyer,134000.0
OldTown,133900.0
CollgCr,133900.0
NAmes,133700.0
CollgCr,133500.0
NAmes,133000.0
NAmes,133000.0
BrkSide,133000.0
NAmes,133000.0
Sawyer,133000.0
CollgCr,133000.0
Sawyer,132500.0
Sawyer,132500.0
NAmes,132500.0
NAmes,132500.0
BrkSide,132500.0
CollgCr,132500.0
Mitchel,132250.0
BrkSide,132000.0
NAmes,132000.0
NAmes,132000.0
NAmes,132000.0
OldTown,132000.0
Sawyer,132000.0
OldTown,131500.0
CollgCr,131500.0
Sawyer,131500.0
Sawyer,131400.0
Edwards,131000.0
Mitchel,131000.0
BrkSide,131000.0
Sawyer,130500.0
Edwards,130500.0
Mitchel,130500.0
CollgCr,130250.0
NAmes,130000.0
Edwards,130000.0
Edwards,130000.0
OldTown,130000.0
ClearCr,130000.0
Sawyer,130000.0
BrkSide,130000.0
Sawyer,130000.0
SWISU,130000.0
Mitchel,130000.0
Edwards,130000.0
OldTown,129900.0
MeadowV,129900.0
NAmes,129900.0
NAmes,129900.0
Sawyer,129500.0
Mitchel,129500.0
Mitchel,129500.0
OldTown,129500.0
Edwards,129000.0
NAmes,129000.0
BrkSide,129000.0
Sawyer,129000.0
NAmes,129000.0
NAmes,129000.0
Sawyer,129000.0
Sawyer,129000.0
NAmes,128950.0
NAmes,128900.0
OldTown,128500.0
Sawyer,128500.0
CollgCr,128500.0
CollgCr,128500.0
CollgCr,128200.0
NPkVill,128000.0
BrkSide,128000.0
SWISU,128000.0
OldTown,128000.0
Sawyer,128000.0
NAmes,128000.0
BrkSide,128000.0
Edwards,127500.0
Edwards,127500.0
NAmes,127500.0
Edwards,127500.0
BrkSide,127500.0
NPkVill,127500.0
Sawyer,127000.0
BrkSide,127000.0
BrkSide,127000.0
CollgCr,127000.0
SWISU,127000.0
Sawyer,127000.0
IDOTRR,127000.0
NAmes,127000.0
MeadowV,127000.0
NAmes,126500.0
OldTown,126175.0
Edwards,126000.0
Mitchel,126000.0
CollgCr,126000.0
Sawyer,125500.0
IDOTRR,125500.0
IDOTRR,125500.0
OldTown,125500.0
Sawyer,125000.0
OldTown,125000.0
Sawyer,125000.0
SawyerW,125000.0
Edwards,125000.0
OldTown,125000.0
Edwards,125000.0
OldTown,125000.0
Sawyer,125000.0
BrDale,125000.0
CollgCr,124900.0
OldTown,124900.0
Mitchel,124500.0
OldTown,124500.0
NAmes,124500.0
NAmes,124500.0
CollgCr,124000.0
OldTown,124000.0
Blueste,124000.0
NAmes,124000.0
NAmes,124000.0
NAmes,124000.0
CollgCr,123600.0
Edwards,123500.0
NAmes,123000.0
CollgCr,123000.0
NAmes,123000.0
NAmes,123000.0
NAmes,122900.0
BrDale,122500.0
OldTown,122500.0
CollgCr,122000.0
Sawyer,122000.0
OldTown,122000.0
OldTown,122000.0
BrkSide,121600.0
Sawyer,121500.0
BrkSide,121000.0
IDOTRR,120500.0
NAmes,120500.0
IDOTRR,120500.0
NAmes,120500.0
Edwards,120000.0
SawyerW,120000.0
OldTown,120000.0
NAmes,120000.0
NAmes,120000.0
OldTown,120000.0
BrkSide,120000.0
OldTown,119900.0
SawyerW,119900.0
Crawfor,119750.0
IDOTRR,119500.0
NAmes,119500.0
Mitchel,119500.0
BrDale,119500.0
NAmes,119200.0
NAmes,119000.0
Edwards,119000.0
BrkSide,119000.0
NAmes,119000.0
NAmes,119000.0
Edwards,119000.0
OldTown,119000.0
SawyerW,118964.0
SawyerW,118858.0
NAmes,118500.0
Edwards,118500.0
Sawyer,118500.0
SWISU,118500.0
IDOTRR,118400.0
BrkSide,118000.0
BrDale,118000.0
Edwards,118000.0
NAmes,118000.0
BrDale,118000.0
Edwards,118000.0
NAmes,117500.0
OldTown,117500.0
OldTown,117000.0
OldTown,117000.0
BrkSide,117000.0
Edwards,117000.0
OldTown,116900.0
BrkSide,116500.0
NAmes,116050.0
OldTown,116000.0
Edwards,116000.0
NAmes,116000.0
OldTown,115000.0
IDOTRR,115000.0
NAmes,115000.0
BrkSide,115000.0
SWISU,115000.0
OldTown,115000.0
MeadowV,115000.0
Mitchel,115000.0
NAmes,115000.0
OldTown,115000.0
NAmes,115000.0
Edwards,115000.0
OldTown,114504.0
BrkSide,114500.0
NAmes,114500.0
OldTown,113000.0
Edwards,113000.0
Mitchel,113000.0
BrDale,113000.0
BrkSide,113000.0
Edwards,113000.0
OldTown,112500.0
CollgCr,112500.0
OldTown,112000.0
BrDale,112000.0
Edwards,112000.0
Sawyer,112000.0
Sawyer,112000.0
Mitchel,112000.0
Edwards,112000.0
NAmes,111250.0
Edwards,111000.0
OldTown,110500.0
OldTown,110500.0
IDOTRR,110000.0
OldTown,110000.0
OldTown,110000.0
Edwards,110000.0
OldTown,110000.0
BrkSide,110000.0
CollgCr,110000.0
NAmes,110000.0
NAmes,110000.0
NAmes,110000.0
NAmes,110000.0
Edwards,110000.0
NAmes,110000.0
NAmes,109900.0
Sawyer,109900.0
IDOTRR,109900.0
NAmes,109500.0
OldTown,109500.0
BrkSide,109500.0
NAmes,109500.0
NAmes,109008.0
NAmes,109000.0
OldTown,109000.0
Sawyer,108959.0
OldTown,108500.0
OldTown,108480.0
Sawyer,108000.0
Edwards,108000.0
IDOTRR,108000.0
Edwards,108000.0
Edwards,108000.0
Sawyer,108000.0
OldTown,107900.0
NAmes,107500.0
Edwards,107500.0
OldTown,107500.0
OldTown,107400.0
OldTown,107000.0
Edwards,107000.0
SawyerW,107000.0
NAmes,106500.0
IDOTRR,106500.0
OldTown,106250.0
BrDale,106000.0
OldTown,106000.0
BrDale,106000.0
OldTown,105900.0
NAmes,105500.0
BrkSide,105000.0
NAmes,105000.0
OldTown,105000.0
Edwards,105000.0
OldTown,105000.0
Edwards,104900.0
NAmes,104900.0
OldTown,104000.0
Edwards,103600.0
OldTown,103200.0
IDOTRR,103000.0
IDOTRR,102776.0
Edwards,102000.0
SWISU,102000.0
BrkSide,102000.0
NAmes,101800.0
IDOTRR,101000.0
OldTown,100000.0
IDOTRR,100000.0
OldTown,100000.0
BrkSide,100000.0
BrkSide,100000.0
BrDale,100000.0
NAmes,100000.0
Edwards,100000.0
Edwards,100000.0
Edwards,99900.0
SawyerW,99500.0
NAmes,98600.0
NAmes,98300.0
Edwards,98000.0
OldTown,98000.0
Edwards,98000.0
NAmes,97500.0
NAmes,97000.0
OldTown,97000.0
MeadowV,97000.0
Crawfor,96500.0
OldTown,96500.0
Edwards,95000.0
OldTown,95000.0
Edwards,94750.0
BrDale,94500.0
Sawyer,94000.0
NAmes,93500.0
Mitchel,93500.0
OldTown,93000.0
OldTown,93000.0
Edwards,93000.0
NAmes,92900.0
MeadowV,92000.0
Edwards,91500.0
BrDale,91500.0
OldTown,91300.0
MeadowV,91000.0
IDOTRR,91000.0
SWISU,91000.0
Crawfor,90350.0
Sawyer,90000.0
OldTown,90000.0
NAmes,90000.0
BrDale,89500.0
IDOTRR,89500.0
OldTown,89471.0
BrkSide,89000.0
NAmes,88000.0
BrDale,88000.0
BrkSide,88000.0
MeadowV,88000.0
NAmes,87500.0
OldTown,87000.0
IDOTRR,87000.0
OldTown,87000.0
OldTown,87000.0
MeadowV,86000.0
Edwards,86000.0
OldTown,86000.0
BrkSide,85500.0
BrDale,85400.0
IDOTRR,85000.0
MeadowV,85000.0
Edwards,85000.0
OldTown,85000.0
Edwards,84900.0
IDOTRR,84500.0
MeadowV,84500.0
Mitchel,84500.0
Edwards,84000.0
MeadowV,83500.0
Edwards,83000.0
BrDale,83000.0
Edwards,82500.0
NWAmes,82500.0
BrkSide,82500.0
Edwards,82000.0
SawyerW,82000.0
Edwards,82000.0
Edwards,81000.0
MeadowV,81000.0
IDOTRR,81000.0
BrkSide,80500.0
OldTown,80000.0
MeadowV,80000.0
Sawyer,80000.0
Edwards,80000.0
OldTown,79900.0
BrkSide,79900.0
BrkSide,79500.0
Edwards,79000.0
OldTown,79000.0
Edwards,79000.0
IDOTRR,78000.0
BrkSide,76500.0
SawyerW,76000.0
MeadowV,75500.0
MeadowV,75000.0
OldTown,73000.0
BrkSide,72500.0
BrkSide,68500.0
IDOTRR,68400.0
IDOTRR,67000.0
Edwards,67000.0
OldTown,66500.0
OldTown,64500.0
Sawyer,62383.0
Edwards,61000.0
Edwards,60000.0
BrkSide,60000.0
SWISU,60000.0
Edwards,58500.0
IDOTRR,55993.0
IDOTRR,55000.0
IDOTRR,55000.0
OldTown,52500.0
BrkSide,52000.0
IDOTRR,40000.0
BrkSide,39300.0
OldTown,37900.0
IDOTRR,35311.0
IDOTRR,34900.0
