RoofMatl,SalePrice
WdShngl,755000.0
CompShg,745000.0
CompShg,625000.0
CompShg,611657.0
CompShg,582933.0
CompShg,556581.0
CompShg,555000.0
CompShg,538000.0
CompShg,501837.0
CompShg,485000.0
WdShngl,475000.0
CompShg,466500.0
CompShg,465000.0
CompShg,451950.0
CompShg,446261.0
CompShg,440000.0
CompShg,438780.0
CompShg,437154.0
CompShg,430000.0
CompShg,426000.0
CompShg,424870.0
CompShg,423000.0
CompShg,415298.0
CompShg,412500.0
CompShg,410000.0
CompShg,403000.0
CompShg,402861.0
CompShg,402000.0
CompShg,395192.0
CompShg,395000.0
CompShg,394617.0
CompShg,394432.0
CompShg,392500.0
CompShg,392000.0
CompShg,386250.0
WdShngl,385000.0
CompShg,385000.0
CompShg,383970.0
CompShg,381000.0
CompShg,380000.0
CompShg,378500.0
CompShg,377500.0
CompShg,377426.0
CompShg,375000.0
CompShg,374000.0
CompShg,372500.0
CompShg,372402.0
CompShg,370878.0
CompShg,369900.0
CompShg,367294.0
CompShg,361919.0
CompShg,360000.0
CompShg,359100.0
CompShg,354000.0
CompShg,350000.0
CompShg,350000.0
CompShg,348000.0
CompShg,345000.0
CompShg,345000.0
CompShg,342643.0
CompShg,341000.0
CompShg,340000.0
CompShg,340000.0
CompShg,339750.0
CompShg,337500.0
CompShg,337000.0
CompShg,336000.0
CompShg,335000.0
CompShg,335000.0
CompShg,335000.0
CompShg,333168.0
CompShg,328900.0
CompShg,328000.0
CompShg,326000.0
CompShg,325624.0
CompShg,325300.0
CompShg,325000.0
CompShg,325000.0
CompShg,325000.0
CompShg,325000.0
CompShg,324000.0
CompShg,320000.0
CompShg,320000.0
CompShg,320000.0
CompShg,320000.0
CompShg,319900.0
CompShg,319000.0
CompShg,318061.0
CompShg,318000.0
CompShg,318000.0
CompShg,317000.0
CompShg,316600.0
CompShg,315750.0
CompShg,315500.0
CompShg,315000.0
CompShg,315000.0
CompShg,315000.0
CompShg,315000.0
CompShg,314813.0
CompShg,313000.0
CompShg,312500.0
CompShg,311872.0
CompShg,311500.0
CompShg,310000.0
CompShg,310000.0
CompShg,309000.0
CompShg,307000.0
CompShg,306000.0
CompShg,305900.0
CompShg,305000.0
CompShg,303477.0
CompShg,302000.0
CompShg,302000.0
CompShg,301500.0
CompShg,301000.0
CompShg,299800.0
CompShg,297000.0
CompShg,295493.0
CompShg,295000.0
CompShg,294000.0
CompShg,293077.0
CompShg,290000.0
CompShg,290000.0
CompShg,290000.0
CompShg,290000.0
CompShg,290000.0
CompShg,289000.0
CompShg,287090.0
WdShake,287000.0
CompShg,287000.0
CompShg,286000.0
CompShg,285000.0
CompShg,285000.0
CompShg,285000.0
CompShg,284000.0
CompShg,284000.0
CompShg,283463.0
CompShg,282922.0
CompShg,281213.0
CompShg,281000.0
CompShg,280000.0
CompShg,280000.0
WdShngl,280000.0
CompShg,280000.0
CompShg,279500.0
WdShngl,278000.0
CompShg,278000.0
CompShg,277500.0
CompShg,277000.0
CompShg,277000.0
CompShg,276000.0
CompShg,275500.0
CompShg,275000.0
CompShg,275000.0
CompShg,275000.0
CompShg,275000.0
CompShg,275000.0
Tar&Grv,274970.0
CompShg,274900.0
CompShg,274725.0
CompShg,274300.0
CompShg,274000.0
CompShg,272000.0
CompShg,272000.0
CompShg,271900.0
CompShg,271000.0
CompShg,271000.0
CompShg,270000.0
CompShg,270000.0
CompShg,270000.0
CompShg,269790.0
CompShg,269500.0
CompShg,268000.0
Tar&Grv,268000.0
CompShg,267000.0
CompShg,266500.0
CompShg,266000.0
CompShg,266000.0
CompShg,265979.0
CompShg,265900.0
CompShg,265000.0
CompShg,264561.0
CompShg,264132.0
CompShg,263435.0
CompShg,263000.0
CompShg,262500.0
CompShg,262500.0
CompShg,262280.0
CompShg,262000.0
CompShg,261500.0
CompShg,260400.0
CompShg,260000.0
CompShg,260000.0
CompShg,260000.0
CompShg,260000.0
WdShake,260000.0
CompShg,260000.0
CompShg,259500.0
CompShg,259000.0
CompShg,258000.0
CompShg,257500.0
CompShg,257000.0
CompShg,256300.0
Tar&Grv,256000.0
CompShg,256000.0
CompShg,255900.0
CompShg,255500.0
CompShg,255000.0
CompShg,255000.0
CompShg,254900.0
CompShg,254000.0
CompShg,253293.0
CompShg,253000.0
CompShg,252678.0
CompShg,252000.0
CompShg,251000.0
CompShg,250580.0
CompShg,250000.0
CompShg,250000.0
CompShg,250000.0
CompShg,250000.0
CompShg,250000.0
CompShg,250000.0
CompShg,250000.0
CompShg,250000.0
CompShg,249700.0
CompShg,248900.0
CompShg,248328.0
CompShg,248000.0
CompShg,248000.0
CompShg,246578.0
CompShg,245500.0
CompShg,245350.0
CompShg,245000.0
CompShg,244600.0
CompShg,244400.0
CompShg,244000.0
CompShg,244000.0
CompShg,244000.0
CompShg,243000.0
WdShake,242000.0
Tar&Grv,242000.0
CompShg,241500.0
Membran,241500.0
CompShg,241000.0
CompShg,240000.0
CompShg,240000.0
CompShg,240000.0
CompShg,240000.0
CompShg,240000.0
CompShg,240000.0
CompShg,239900.0
CompShg,239799.0
CompShg,239686.0
CompShg,239500.0
CompShg,239000.0
CompShg,239000.0
CompShg,239000.0
CompShg,239000.0
CompShg,239000.0
CompShg,239000.0
CompShg,238000.0
CompShg,237500.0
CompShg,237000.0
CompShg,237000.0
CompShg,236500.0
CompShg,236500.0
CompShg,236000.0
CompShg,236000.0
CompShg,235128.0
CompShg,235000.0
CompShg,235000.0
CompShg,235000.0
CompShg,235000.0
CompShg,235000.0
CompShg,235000.0
CompShg,235000.0
CompShg,234000.0
CompShg,234000.0
CompShg,233230.0
CompShg,233170.0
CompShg,233000.0
CompShg,232600.0
CompShg,232000.0
CompShg,232000.0
CompShg,232000.0
CompShg,231500.0
CompShg,231500.0
CompShg,230500.0
CompShg,230000.0
CompShg,230000.0
CompShg,230000.0
CompShg,230000.0
CompShg,230000.0
CompShg,230000.0
CompShg,230000.0
CompShg,230000.0
CompShg,229456.0
CompShg,229000.0
CompShg,228950.0
CompShg,228500.0
CompShg,228500.0
WdShake,228000.0
CompShg,228000.0
CompShg,227875.0
CompShg,227680.0
CompShg,227000.0
CompShg,227000.0
CompShg,227000.0
CompShg,226700.0
CompShg,226000.0
CompShg,226000.0
CompShg,226000.0
CompShg,225000.0
CompShg,225000.0
CompShg,225000.0
CompShg,225000.0
CompShg,225000.0
CompShg,225000.0
CompShg,224900.0
CompShg,224900.0
CompShg,224500.0
CompShg,224000.0
CompShg,224000.0
CompShg,223500.0
CompShg,223500.0
CompShg,223000.0
CompShg,222500.0
CompShg,222500.0
CompShg,222000.0
CompShg,222000.0
CompShg,222000.0
CompShg,221500.0
CompShg,221000.0
CompShg,221000.0
CompShg,220000.0
CompShg,220000.0
CompShg,220000.0
CompShg,220000.0
CompShg,220000.0
CompShg,219500.0
CompShg,219500.0
CompShg,219500.0
CompShg,219210.0
CompShg,218000.0
CompShg,217500.0
CompShg,217000.0
CompShg,217000.0
CompShg,216837.0
CompShg,216500.0
CompShg,216000.0
CompShg,215200.0
CompShg,215000.0
CompShg,215000.0
CompShg,215000.0
CompShg,215000.0
CompShg,215000.0
CompShg,215000.0
CompShg,215000.0
CompShg,215000.0
CompShg,214900.0
CompShg,214500.0
CompShg,214000.0
CompShg,214000.0
CompShg,214000.0
CompShg,214000.0
CompShg,214000.0
CompShg,213500.0
CompShg,213500.0
CompShg,213490.0
CompShg,213250.0
CompShg,213000.0
CompShg,213000.0
CompShg,213000.0
CompShg,212900.0
CompShg,212000.0
CompShg,212000.0
CompShg,212000.0
CompShg,211000.0
CompShg,211000.0
CompShg,210000.0
CompShg,210000.0
CompShg,210000.0
CompShg,210000.0
CompShg,210000.0
CompShg,209500.0
CompShg,208900.0
CompShg,208900.0
CompShg,208500.0
CompShg,208300.0
CompShg,207500.0
CompShg,207500.0
CompShg,207500.0
CompShg,207500.0
CompShg,207500.0
CompShg,207000.0
CompShg,207000.0
CompShg,206900.0
CompShg,206300.0
CompShg,206000.0
CompShg,205950.0
CompShg,205000.0
CompShg,205000.0
CompShg,205000.0
CompShg,205000.0
CompShg,205000.0
CompShg,205000.0
CompShg,204900.0
CompShg,204750.0
CompShg,204000.0
CompShg,204000.0
CompShg,203000.0
CompShg,203000.0
CompShg,202900.0
CompShg,202665.0
CompShg,202500.0
CompShg,202500.0
CompShg,202500.0
CompShg,201800.0
CompShg,201000.0
CompShg,201000.0
CompShg,201000.0
CompShg,200624.0
CompShg,200500.0
CompShg,200500.0
CompShg,200141.0
CompShg,200100.0
CompShg,200000.0
CompShg,200000.0
CompShg,200000.0
CompShg,200000.0
CompShg,200000.0
CompShg,200000.0
CompShg,200000.0
CompShg,200000.0
CompShg,199900.0
CompShg,199900.0
CompShg,198900.0
CompShg,198500.0
CompShg,197900.0
CompShg,197900.0
CompShg,197900.0
CompShg,197500.0
CompShg,197500.0
CompShg,197000.0
CompShg,197000.0
CompShg,197000.0
CompShg,197000.0
CompShg,196500.0
CompShg,196500.0
CompShg,196000.0
CompShg,196000.0
CompShg,196000.0
CompShg,195400.0
CompShg,195000.0
CompShg,195000.0
CompShg,195000.0
CompShg,194700.0
CompShg,194500.0
CompShg,194500.0
CompShg,194500.0
CompShg,194201.0
CompShg,194000.0
CompShg,194000.0
CompShg,194000.0
CompShg,193879.0
CompShg,193500.0
CompShg,193500.0
CompShg,193000.0
CompShg,193000.0
CompShg,193000.0
CompShg,192500.0
CompShg,192500.0
CompShg,192140.0
CompShg,192000.0
CompShg,192000.0
CompShg,192000.0
CompShg,192000.0
CompShg,192000.0
CompShg,191000.0
CompShg,191000.0
CompShg,191000.0
CompShg,191000.0
CompShg,190000.0
CompShg,190000.0
CompShg,190000.0
CompShg,190000.0
CompShg,190000.0
CompShg,190000.0
WdShake,190000.0
CompShg,190000.0
CompShg,190000.0
CompShg,190000.0
CompShg,190000.0
CompShg,190000.0
CompShg,190000.0
CompShg,189950.0
CompShg,189000.0
CompShg,189000.0
CompShg,189000.0
CompShg,189000.0
CompShg,189000.0
CompShg,189000.0
CompShg,188700.0
CompShg,188500.0
CompShg,188000.0
CompShg,188000.0
CompShg,188000.0
CompShg,187750.0
CompShg,187500.0
CompShg,187500.0
CompShg,187500.0
CompShg,187500.0
CompShg,187500.0
CompShg,187500.0
CompShg,187100.0
CompShg,187000.0
CompShg,187000.0
CompShg,187000.0
CompShg,186700.0
CompShg,186500.0
CompShg,186500.0
CompShg,186000.0
CompShg,185900.0
CompShg,185850.0
CompShg,185750.0
CompShg,185500.0
CompShg,185000.0
CompShg,185000.0
CompShg,185000.0
CompShg,185000.0
CompShg,185000.0
Tar&Grv,185000.0
CompShg,185000.0
CompShg,185000.0
CompShg,185000.0
CompShg,185000.0
CompShg,184900.0
CompShg,184750.0
CompShg,184100.0
CompShg,184000.0
CompShg,184000.0
CompShg,184000.0
CompShg,184000.0
CompShg,183900.0
CompShg,183500.0
CompShg,183200.0
CompShg,183000.0
CompShg,182900.0
CompShg,182000.0
CompShg,181900.0
CompShg,181500.0
CompShg,181134.0
CompShg,181000.0
CompShg,181000.0
CompShg,181000.0
CompShg,181000.0
CompShg,181000.0
CompShg,181000.0
CompShg,181000.0
CompShg,180500.0
CompShg,180500.0
CompShg,180500.0
CompShg,180500.0
CompShg,180000.0
CompShg,180000.0
Metal,180000.0
CompShg,180000.0
CompShg,180000.0
CompShg,180000.0
CompShg,180000.0
CompShg,180000.0
CompShg,180000.0
CompShg,180000.0
CompShg,179900.0
CompShg,179900.0
CompShg,179900.0
CompShg,179900.0
CompShg,179900.0
CompShg,179665.0
CompShg,179600.0
CompShg,179540.0
CompShg,179500.0
CompShg,179400.0
CompShg,179200.0
CompShg,179200.0
CompShg,179000.0
CompShg,179000.0
CompShg,179000.0
CompShg,178900.0
CompShg,178740.0
CompShg,178400.0
CompShg,178000.0
CompShg,178000.0
CompShg,178000.0
CompShg,178000.0
CompShg,178000.0
CompShg,178000.0
CompShg,178000.0
CompShg,177500.0
CompShg,177500.0
CompShg,177500.0
CompShg,177000.0
CompShg,177000.0
CompShg,177000.0
CompShg,177000.0
CompShg,177000.0
CompShg,176500.0
CompShg,176500.0
CompShg,176485.0
CompShg,176432.0
CompShg,176000.0
CompShg,176000.0
CompShg,176000.0
CompShg,176000.0
CompShg,176000.0
CompShg,176000.0
CompShg,176000.0
CompShg,176000.0
CompShg,175900.0
CompShg,175900.0
CompShg,175500.0
CompShg,175500.0
CompShg,175500.0
CompShg,175000.0
CompShg,175000.0
CompShg,175000.0
CompShg,175000.0
CompShg,175000.0
CompShg,175000.0
CompShg,175000.0
CompShg,175000.0
CompShg,175000.0
CompShg,174900.0
CompShg,174500.0
CompShg,174000.0
CompShg,174000.0
CompShg,174000.0
CompShg,174000.0
CompShg,174000.0
CompShg,174000.0
CompShg,174000.0
CompShg,173900.0
CompShg,173733.0
CompShg,173500.0
CompShg,173000.0
CompShg,173000.0
CompShg,173000.0
CompShg,173000.0
CompShg,173000.0
CompShg,173000.0
CompShg,173000.0
CompShg,172785.0
CompShg,172500.0
CompShg,172500.0
CompShg,172500.0
CompShg,172500.0
CompShg,172500.0
CompShg,172400.0
CompShg,172000.0
CompShg,171900.0
CompShg,171750.0
CompShg,171500.0
CompShg,171000.0
CompShg,171000.0
CompShg,171000.0
CompShg,171000.0
CompShg,171000.0
CompShg,170000.0
CompShg,170000.0
CompShg,170000.0
CompShg,170000.0
CompShg,170000.0
CompShg,170000.0
CompShg,170000.0
CompShg,170000.0
CompShg,169990.0
CompShg,169900.0
CompShg,169500.0
CompShg,169500.0
CompShg,169000.0
CompShg,169000.0
CompShg,169000.0
CompShg,168500.0
CompShg,168500.0
WdShngl,168500.0
CompShg,168000.0
CompShg,168000.0
CompShg,168000.0
CompShg,168000.0
CompShg,167900.0
CompShg,167900.0
CompShg,167500.0
CompShg,167500.0
CompShg,167500.0
CompShg,167240.0
CompShg,167000.0
Tar&Grv,167000.0
CompShg,167000.0
CompShg,167000.0
CompShg,166000.0
CompShg,166000.0
CompShg,165600.0
CompShg,165500.0
CompShg,165500.0
CompShg,165500.0
CompShg,165400.0
CompShg,165150.0
Tar&Grv,165000.0
CompShg,165000.0
CompShg,165000.0
CompShg,165000.0
CompShg,165000.0
CompShg,165000.0
CompShg,165000.0
CompShg,165000.0
CompShg,164990.0
CompShg,164900.0
CompShg,164700.0
CompShg,164500.0
CompShg,164500.0
CompShg,164000.0
CompShg,164000.0
CompShg,164000.0
CompShg,163990.0
CompShg,163900.0
CompShg,163500.0
CompShg,163500.0
CompShg,163000.0
CompShg,163000.0
CompShg,163000.0
CompShg,163000.0
CompShg,162900.0
CompShg,162900.0
CompShg,162500.0
CompShg,162000.0
CompShg,162000.0
CompShg,162000.0
CompShg,162000.0
CompShg,161750.0
CompShg,161500.0
CompShg,161500.0
CompShg,161000.0
CompShg,161000.0
CompShg,160200.0
CompShg,160000.0
CompShg,160000.0
CompShg,160000.0
CompShg,160000.0
CompShg,160000.0
CompShg,160000.0
CompShg,160000.0
CompShg,160000.0
CompShg,160000.0
ClyTile,160000.0
CompShg,160000.0
CompShg,160000.0
CompShg,159950.0
CompShg,159895.0
CompShg,159500.0
CompShg,159500.0
CompShg,159500.0
CompShg,159434.0
CompShg,159000.0
CompShg,159000.0
CompShg,159000.0
CompShg,159000.0
CompShg,158900.0
CompShg,158500.0
CompShg,158000.0
CompShg,158000.0
CompShg,158000.0
CompShg,158000.0
CompShg,158000.0
CompShg,158000.0
CompShg,157900.0
CompShg,157900.0
CompShg,157500.0
CompShg,157500.0
CompShg,157000.0
CompShg,157000.0
CompShg,157000.0
CompShg,157000.0
CompShg,157000.0
CompShg,157000.0
CompShg,156932.0
CompShg,156500.0
CompShg,156000.0
CompShg,156000.0
CompShg,156000.0
CompShg,156000.0
CompShg,155900.0
CompShg,155835.0
CompShg,155000.0
CompShg,155000.0
CompShg,155000.0
CompShg,155000.0
CompShg,155000.0
CompShg,155000.0
CompShg,155000.0
CompShg,155000.0
CompShg,155000.0
CompShg,155000.0
CompShg,155000.0
CompShg,155000.0
CompShg,155000.0
CompShg,155000.0
CompShg,154900.0
CompShg,154500.0
CompShg,154300.0
CompShg,154000.0
CompShg,154000.0
CompShg,154000.0
CompShg,154000.0
CompShg,154000.0
CompShg,153900.0
CompShg,153900.0
CompShg,153575.0
CompShg,153500.0
CompShg,153500.0
CompShg,153500.0
CompShg,153337.0
CompShg,153000.0
CompShg,153000.0
CompShg,153000.0
CompShg,152000.0
CompShg,152000.0
CompShg,152000.0
CompShg,152000.0
CompShg,152000.0
CompShg,152000.0
CompShg,151500.0
CompShg,151400.0
CompShg,151000.0
CompShg,151000.0
CompShg,151000.0
CompShg,151000.0
CompShg,151000.0
CompShg,150900.0
CompShg,150750.0
CompShg,150500.0
CompShg,150000.0
CompShg,150000.0
CompShg,150000.0
CompShg,150000.0
CompShg,149900.0
CompShg,149900.0
CompShg,149900.0
CompShg,149900.0
CompShg,149700.0
CompShg,149500.0
CompShg,149500.0
CompShg,149350.0
CompShg,149300.0
CompShg,149000.0
CompShg,149000.0
CompShg,149000.0
CompShg,149000.0
CompShg,148800.0
CompShg,148500.0
CompShg,148500.0
CompShg,148500.0
CompShg,148000.0
CompShg,148000.0
CompShg,148000.0
CompShg,148000.0
CompShg,148000.0
CompShg,148000.0
CompShg,148000.0
CompShg,147500.0
CompShg,147400.0
CompShg,147000.0
CompShg,147000.0
CompShg,147000.0
CompShg,147000.0
CompShg,147000.0
CompShg,147000.0
CompShg,147000.0
CompShg,147000.0
CompShg,147000.0
CompShg,146800.0
CompShg,146500.0
CompShg,146000.0
CompShg,146000.0
CompShg,146000.0
CompShg,145900.0
CompShg,145500.0
CompShg,145250.0
CompShg,145000.0
CompShg,145000.0
CompShg,145000.0
CompShg,145000.0
CompShg,145000.0
CompShg,145000.0
CompShg,145000.0
CompShg,145000.0
CompShg,145000.0
CompShg,145000.0
CompShg,145000.0
CompShg,145000.0
CompShg,145000.0
CompShg,145000.0
CompShg,144900.0
CompShg,144500.0
CompShg,144500.0
CompShg,144152.0
CompShg,144000.0
CompShg,144000.0
CompShg,144000.0
CompShg,144000.0
CompShg,144000.0
CompShg,144000.0
CompShg,144000.0
CompShg,144000.0
CompShg,144000.0
CompShg,144000.0
CompShg,143900.0
CompShg,143750.0
CompShg,143500.0
CompShg,143500.0
CompShg,143250.0
CompShg,143000.0
CompShg,143000.0
Tar&Grv,143000.0
CompShg,143000.0
CompShg,143000.0
CompShg,143000.0
CompShg,143000.0
CompShg,143000.0
CompShg,143000.0
CompShg,143000.0
CompShg,142953.0
CompShg,142600.0
CompShg,142500.0
CompShg,142500.0
CompShg,142500.0
CompShg,142125.0
CompShg,142000.0
CompShg,142000.0
CompShg,142000.0
CompShg,142000.0
CompShg,141500.0
CompShg,141000.0
CompShg,141000.0
CompShg,141000.0
CompShg,141000.0
CompShg,141000.0
CompShg,141000.0
CompShg,141000.0
CompShg,141000.0
CompShg,140200.0
CompShg,140000.0
CompShg,140000.0
CompShg,140000.0
CompShg,140000.0
CompShg,140000.0
CompShg,140000.0
CompShg,140000.0
CompShg,140000.0
CompShg,140000.0
CompShg,140000.0
CompShg,140000.0
CompShg,140000.0
CompShg,140000.0
CompShg,140000.0
CompShg,140000.0
CompShg,140000.0
CompShg,140000.0
CompShg,140000.0
CompShg,140000.0
CompShg,140000.0
CompShg,139950.0
CompShg,139900.0
CompShg,139600.0
CompShg,139500.0
CompShg,139400.0
CompShg,139400.0
CompShg,139000.0
CompShg,139000.0
CompShg,139000.0
CompShg,139000.0
CompShg,139000.0
CompShg,139000.0
CompShg,139000.0
CompShg,139000.0
CompShg,139000.0
CompShg,139000.0
CompShg,139000.0
CompShg,138887.0
CompShg,138800.0
CompShg,138500.0
CompShg,138500.0
CompShg,138000.0
CompShg,138000.0
CompShg,138000.0
CompShg,137900.0
CompShg,137500.0
CompShg,137500.0
CompShg,137500.0
CompShg,137500.0
CompShg,137500.0
CompShg,137500.0
CompShg,137450.0
CompShg,137000.0
CompShg,137000.0
CompShg,137000.0
CompShg,137000.0
Roll,137000.0
CompShg,136905.0
CompShg,136900.0
CompShg,136500.0
CompShg,136500.0
CompShg,136500.0
CompShg,136500.0
CompShg,136500.0
CompShg,136000.0
CompShg,136000.0
CompShg,136000.0
CompShg,135960.0
CompShg,135900.0
CompShg,135750.0
CompShg,135500.0
CompShg,135500.0
CompShg,135000.0
CompShg,135000.0
CompShg,135000.0
CompShg,135000.0
CompShg,135000.0
CompShg,135000.0
CompShg,135000.0
CompShg,135000.0
CompShg,135000.0
CompShg,135000.0
CompShg,135000.0
CompShg,135000.0
CompShg,135000.0
CompShg,135000.0
CompShg,135000.0
CompShg,135000.0
CompShg,135000.0
CompShg,134900.0
CompShg,134900.0
CompShg,134800.0
CompShg,134500.0
CompShg,134500.0
CompShg,134450.0
CompShg,134432.0
CompShg,134000.0
CompShg,134000.0
CompShg,134000.0
CompShg,133900.0
CompShg,133900.0
CompShg,133700.0
CompShg,133500.0
CompShg,133000.0
CompShg,133000.0
CompShg,133000.0
CompShg,133000.0
CompShg,133000.0
CompShg,133000.0
CompShg,132500.0
CompShg,132500.0
CompShg,132500.0
CompShg,132500.0
CompShg,132500.0
CompShg,132500.0
CompShg,132250.0
CompShg,132000.0
CompShg,132000.0
CompShg,132000.0
CompShg,132000.0
CompShg,132000.0
CompShg,132000.0
CompShg,131500.0
CompShg,131500.0
CompShg,131500.0
CompShg,131400.0
CompShg,131000.0
CompShg,131000.0
CompShg,131000.0
CompShg,130500.0
CompShg,130500.0
CompShg,130500.0
CompShg,130250.0
CompShg,130000.0
CompShg,130000.0
CompShg,130000.0
CompShg,130000.0
CompShg,130000.0
CompShg,130000.0
CompShg,130000.0
CompShg,130000.0
CompShg,130000.0
CompShg,130000.0
CompShg,130000.0
CompShg,129900.0
CompShg,129900.0
CompShg,129900.0
CompShg,129900.0
CompShg,129500.0
CompShg,129500.0
CompShg,129500.0
CompShg,129500.0
CompShg,129000.0
Tar&Grv,129000.0
CompShg,129000.0
CompShg,129000.0
CompShg,129000.0
CompShg,129000.0
CompShg,129000.0
CompShg,129000.0
CompShg,128950.0
CompShg,128900.0
CompShg,128500.0
CompShg,128500.0
CompShg,128500.0
CompShg,128500.0
CompShg,128200.0
CompShg,128000.0
CompShg,128000.0
CompShg,128000.0
CompShg,128000.0
CompShg,128000.0
CompShg,128000.0
CompShg,128000.0
CompShg,127500.0
CompShg,127500.0
CompShg,127500.0
Tar&Grv,127500.0
CompShg,127500.0
CompShg,127500.0
CompShg,127000.0
CompShg,127000.0
CompShg,127000.0
CompShg,127000.0
CompShg,127000.0
CompShg,127000.0
CompShg,127000.0
CompShg,127000.0
CompShg,127000.0
CompShg,126500.0
CompShg,126175.0
CompShg,126000.0
CompShg,126000.0
CompShg,126000.0
CompShg,125500.0
CompShg,125500.0
CompShg,125500.0
CompShg,125500.0
CompShg,125000.0
CompShg,125000.0
CompShg,125000.0
CompShg,125000.0
CompShg,125000.0
CompShg,125000.0
CompShg,125000.0
CompShg,125000.0
CompShg,125000.0
CompShg,125000.0
CompShg,124900.0
CompShg,124900.0
CompShg,124500.0
CompShg,124500.0
CompShg,124500.0
CompShg,124500.0
CompShg,124000.0
CompShg,124000.0
CompShg,124000.0
CompShg,124000.0
CompShg,124000.0
CompShg,124000.0
CompShg,123600.0
CompShg,123500.0
CompShg,123000.0
CompShg,123000.0
CompShg,123000.0
CompShg,123000.0
CompShg,122900.0
CompShg,122500.0
CompShg,122500.0
CompShg,122000.0
CompShg,122000.0
CompShg,122000.0
CompShg,122000.0
CompShg,121600.0
CompShg,121500.0
CompShg,121000.0
CompShg,120500.0
CompShg,120500.0
CompShg,120500.0
CompShg,120500.0
CompShg,120000.0
CompShg,120000.0
CompShg,120000.0
CompShg,120000.0
CompShg,120000.0
CompShg,120000.0
CompShg,120000.0
CompShg,119900.0
CompShg,119900.0
CompShg,119750.0
CompShg,119500.0
CompShg,119500.0
CompShg,119500.0
CompShg,119500.0
CompShg,119200.0
CompShg,119000.0
CompShg,119000.0
CompShg,119000.0
CompShg,119000.0
CompShg,119000.0
CompShg,119000.0
CompShg,119000.0
CompShg,118964.0
CompShg,118858.0
CompShg,118500.0
CompShg,118500.0
CompShg,118500.0
CompShg,118500.0
CompShg,118400.0
CompShg,118000.0
CompShg,118000.0
CompShg,118000.0
CompShg,118000.0
CompShg,118000.0
CompShg,118000.0
CompShg,117500.0
CompShg,117500.0
CompShg,117000.0
CompShg,117000.0
CompShg,117000.0
CompShg,117000.0
CompShg,116900.0
CompShg,116500.0
CompShg,116050.0
CompShg,116000.0
CompShg,116000.0
CompShg,116000.0
CompShg,115000.0
CompShg,115000.0
CompShg,115000.0
CompShg,115000.0
CompShg,115000.0
CompShg,115000.0
CompShg,115000.0
CompShg,115000.0
CompShg,115000.0
CompShg,115000.0
CompShg,115000.0
CompShg,115000.0
CompShg,114504.0
CompShg,114500.0
CompShg,114500.0
CompShg,113000.0
CompShg,113000.0
CompShg,113000.0
CompShg,113000.0
CompShg,113000.0
CompShg,113000.0
CompShg,112500.0
CompShg,112500.0
CompShg,112000.0
CompShg,112000.0
CompShg,112000.0
CompShg,112000.0
CompShg,112000.0
CompShg,112000.0
CompShg,112000.0
CompShg,111250.0
CompShg,111000.0
CompShg,110500.0
CompShg,110500.0
CompShg,110000.0
CompShg,110000.0
CompShg,110000.0
CompShg,110000.0
CompShg,110000.0
CompShg,110000.0
CompShg,110000.0
CompShg,110000.0
CompShg,110000.0
CompShg,110000.0
CompShg,110000.0
CompShg,110000.0
CompShg,110000.0
CompShg,109900.0
CompShg,109900.0
CompShg,109900.0
CompShg,109500.0
CompShg,109500.0
CompShg,109500.0
CompShg,109500.0
CompShg,109008.0
CompShg,109000.0
CompShg,109000.0
CompShg,108959.0
CompShg,108500.0
CompShg,108480.0
CompShg,108000.0
CompShg,108000.0
CompShg,108000.0
CompShg,108000.0
CompShg,108000.0
CompShg,108000.0
CompShg,107900.0
CompShg,107500.0
CompShg,107500.0
CompShg,107500.0
CompShg,107400.0
CompShg,107000.0
CompShg,107000.0
CompShg,107000.0
CompShg,106500.0
CompShg,106500.0
CompShg,106250.0
CompShg,106000.0
CompShg,106000.0
CompShg,106000.0
CompShg,105900.0
CompShg,105500.0
CompShg,105000.0
CompShg,105000.0
CompShg,105000.0
CompShg,105000.0
CompShg,105000.0
CompShg,104900.0
CompShg,104900.0
CompShg,104000.0
CompShg,103600.0
CompShg,103200.0
CompShg,103000.0
CompShg,102776.0
CompShg,102000.0
CompShg,102000.0
CompShg,102000.0
CompShg,101800.0
CompShg,101000.0
CompShg,100000.0
CompShg,100000.0
CompShg,100000.0
CompShg,100000.0
CompShg,100000.0
CompShg,100000.0
CompShg,100000.0
CompShg,100000.0
CompShg,100000.0
CompShg,99900.0
CompShg,99500.0
CompShg,98600.0
CompShg,98300.0
CompShg,98000.0
CompShg,98000.0
CompShg,98000.0
CompShg,97500.0
CompShg,97000.0
CompShg,97000.0
CompShg,97000.0
CompShg,96500.0
CompShg,96500.0
CompShg,95000.0
CompShg,95000.0
CompShg,94750.0
CompShg,94500.0
CompShg,94000.0
CompShg,93500.0
CompShg,93500.0
CompShg,93000.0
CompShg,93000.0
CompShg,93000.0
CompShg,92900.0
CompShg,92000.0
CompShg,91500.0
CompShg,91500.0
CompShg,91300.0
CompShg,91000.0
CompShg,91000.0
CompShg,91000.0
CompShg,90350.0
CompShg,90000.0
CompShg,90000.0
CompShg,90000.0
CompShg,89500.0
CompShg,89500.0
CompShg,89471.0
CompShg,89000.0
CompShg,88000.0
CompShg,88000.0
CompShg,88000.0
CompShg,88000.0
CompShg,87500.0
CompShg,87000.0
CompShg,87000.0
CompShg,87000.0
CompShg,87000.0
CompShg,86000.0
CompShg,86000.0
CompShg,86000.0
CompShg,85500.0
CompShg,85400.0
CompShg,85000.0
CompShg,85000.0
CompShg,85000.0
CompShg,85000.0
CompShg,84900.0
CompShg,84500.0
CompShg,84500.0
CompShg,84500.0
CompShg,84000.0
CompShg,83500.0
CompShg,83000.0
CompShg,83000.0
CompShg,82500.0
CompShg,82500.0
CompShg,82500.0
CompShg,82000.0
CompShg,82000.0
Tar&Grv,82000.0
CompShg,81000.0
CompShg,81000.0
CompShg,81000.0
CompShg,80500.0
CompShg,80000.0
CompShg,80000.0
CompShg,80000.0
CompShg,80000.0
CompShg,79900.0
CompShg,79900.0
CompShg,79500.0
CompShg,79000.0
CompShg,79000.0
CompShg,79000.0
CompShg,78000.0
CompShg,76500.0
CompShg,76000.0
CompShg,75500.0
CompShg,75000.0
CompShg,73000.0
CompShg,72500.0
CompShg,68500.0
CompShg,68400.0
CompShg,67000.0
CompShg,67000.0
CompShg,66500.0
CompShg,64500.0
CompShg,62383.0
CompShg,61000.0
CompShg,60000.0
CompShg,60000.0
CompShg,60000.0
CompShg,58500.0
CompShg,55993.0
CompShg,55000.0
CompShg,55000.0
CompShg,52500.0
CompShg,52000.0
CompShg,40000.0
CompShg,39300.0
CompShg,37900.0
CompShg,35311.0
CompShg,34900.0
